"ASV","barcode01","barcode02","barcode03","barcode04","barcode05","barcode06","barcode07","barcode08","barcode09","barcode10","barcode11","barcode12","barcode13","barcode14","barcode15","barcode16","barcode17","barcode18","barcode19","barcode20","barcode21","barcode22","barcode23","barcode24"
"OTU_1",0.00736591070135741,0.0090311337354922,0.0314571104804181,0.00866975730888797,0.000370597261122787,0.000707900310362217,0.00431034123717886,0.00999827623102973,0.0230737442534438,0.00948459946061996,0.00526883883500097,0.00535296702360041,0.00240903708924127,0.0159290738399426,0.00121606216427444,0.00138279979819187,0.00125259591075984,0.0195424791577221,0,0,0,0,0.000125253408967393,0.0146365072300381
"OTU_10",0.000124949988559824,0.000202201249121056,0.000683679677086826,0.00058331261448437,0,6.375928784089e-05,0.000100780663033798,0.00139578430266687,0.00275823216140931,0.000171088023270383,0.000206996997649722,0.000169547221301017,0.00011948823273259,0.000968872998233193,0,0,0,0,0,0,0,0,0,0
"OTU_100",0.00201283843702299,0.00182014689217333,0.00129011233844619,0.000289363192653983,0.00169494912330244,0.00251101400156108,0.000431812320960141,0.000639323012491124,0.000604799703628067,0.0022974472307671,0.0019088191556749,0.00168102498973064,0.000216217693735214,0.00092721909027207,0.000533923397100265,0.00125420710115262,0.00115424713395658,0,0,4.00619772421736e-05,0.000198741127365072,8.39468876270965e-05,0.0010388380694717,0
"OTU_1000",0,0,0,0,0,0,0,0,0,0,0,0,0,0,0,0,0,0,0,6.13636313735773e-05,8.93639735470298e-05,0,0,0
"OTU_1001",0,0,0,0,0,0,0,0,0,0,0,0,0,0,0,0,0,0,0,4.73961205794841e-05,0.000224740279955568,6.4497161839363e-05,0,0
"OTU_1002",0,0,0,0,0,0,0,0,0,0,0,0,0,0,0,0,0,0,0,0.000329945217218805,0.000411964226676742,0,0,0
"OTU_1003",0,0,0,0,0,0,0,0,0,0,0,0,0,0,0,0,0,0,0,9.66905103621211e-05,0,0,0,0
"OTU_1004",0,0,0,0,0,0,0,0,0,0,0,0,0,0,0,0,0,0,0,4.73961295591431e-05,0,0,0,0
"OTU_1005",0,0,0,0,0,0,0,0,0,0,0,0,0,0,0,0,0,0,0,0.000105637337256362,0.000115994947211834,0,0,0
"OTU_1006",0,0,0,0,0,0,0,0,0,0,0,0,0,0,0,0,0,0,0,4.82478976921057e-05,0,0,0,0
"OTU_1007",0,0,0,0,0,0,0,0,0,0,0,0,0,0,0,0,0,0,0,6.94914618940494e-05,9.61894646733214e-05,0,0,0
"OTU_1008",0,0,0,0,0,0,0,0,0,0,0,0,0,0,0,0,0,0,0,5.26448515149274e-05,0,4.73922418900026e-05,0.000114246433134534,0
"OTU_1009",0,0,0,0,0,0,0,0,0,0,0,0,0,0,0,0,0,0,0,5.8337187021015e-05,0.000101495610330525,0,0.000126390817601632,0
"OTU_101",0.0004119806312893,0.000307097200776389,0,0,9.033467125528e-05,0.000178473461181582,7.58679548368048e-05,0,5.70357794256287e-05,0.000228125359353357,0.000549565966303673,5.37687273171687e-05,0.000106460434074665,0.000425168291918887,0,0,0,0,0,0,0,0,0,0
"OTU_1010",0,0,0,0,0,0,0,0,0,0,0,0,0,0,0,0,0,0,0,6.56254101588135e-05,0,0,0,0
"OTU_1011",0,0,0,0,0,0,0,0,0,0,0,0,0,0,0,0,0,0,0,5.46878417862769e-05,0,0,0.000203426197867103,0
"OTU_1012",0,0,0,0,0,0,0,0,0,0,0,0,0,0,0,0,0,0,0,6.19795538263444e-05,0,0,0,0
"OTU_1013",0,0,0,0,0,0,0,0,0,0,0,0,0,0,0,0,0,0,0,0.000131250820317627,0.000445444747592824,0,0,0
"OTU_1014",0,0,0,0,0,0,0,0,0,0,0,0,0,0,0,0,0,0,0,0.000163432760461448,0,0,0,0
"OTU_1015",0,0,0,0,0,0,0,0,0,0,0,0,0,0,0,0,0,0,0,6.56254101588135e-05,0,0,7.3973160071754e-05,0
"OTU_1016",0,0,0,0,0,0,0,0,0,0,0,0,0,0,0,0,0,0,0,5.66070283190946e-05,0,0,0.000243494422606492,0
"OTU_1017",0,0,0,0,0,0,0,0,0,0,0,0,0,0,0,0,0,0,0,5.10419946587362e-05,0,0.00024431865975648,0,0
"OTU_1018",0,0,0,0,0,0,0,0,0,0,0,0,0,0,0,0,0,0,0,5.83336979189453e-05,0,0,0,0
"OTU_1019",0,0,0,0,0,0,0,0,0,0,0,0,0,0,0,0,0,0,0,9.60649182085697e-05,0.000108745296765915,0,0,0
"OTU_102",0.0143889708850588,0.0134163423298882,0.0179390913112682,0.00356841961896174,0.0133473118649432,0.0191857236142576,0.00951963415870519,0.00749823735397594,0.0128066537984976,0.00788826020195539,0.019171004785794,0.00439597422564749,0.00451593502368646,0.0112165188635642,0.00105910608687144,0.00164256336430399,0.00110219304527503,0.0106909841787126,8.32396886835927e-05,0.00149735504454427,0.0023727763601387,0.00245320753489383,0.000408558840256897,0.00487804878115764
"OTU_1020",0,0,0,0,0,0,0,0,0,0,0,0,0,0,0,0,0,0,0,5.83338176289079e-05,0,0,9.15314965506475e-05,0
"OTU_1021",0,0,0,0,0,0,0,0,0,0,0,0,0,0,0,0,0,0,0,3.83793654635427e-05,0,0,0,0
"OTU_1022",0,0,0,0,0,0,0,0,0,0,0,0,0,0,0,0,0,0,0,4.54346450896039e-05,0,0,0,0
"OTU_1023",0,0,0,0,0,0,0,0,0,0,0,0,0,0,0,0,0,0,0,4.37502734380888e-05,0,8.29364233075046e-05,0,0
"OTU_1024",0,0,0,0,0,0,0,0,0,0,0,0,0,0,0,0,0,0,0,6.65710313047425e-05,0,0,0,0
"OTU_1025",0,0,0,0,0,0,0,0,0,0,0,0,0,0,0,0,0,0,0,5.83337005068458e-05,0.000137744042570159,0,0.000558258988303621,0
"OTU_1026",0,0,0,0,0,0,0,0,0,0,0,0,0,0,0,0,0,0,0,5.02896173141344e-05,0,5.13415953808362e-05,0,0
"OTU_1027",0,0,0,0,0,0,0,0,0,0,0,0,0,0,0,0,0,0,0,4.01844804127166e-05,0,0,0,0
"OTU_1028",0,0,0,0,0,0,0,0,0,0,0,0,0,0,0,0,0,0,0,5.23471370252433e-05,0,0,0,0
"OTU_1029",0,0,0,0,0,0,0,0,0,0,0,0,0,0,0,0,0,0,0,6.17575335053725e-05,0,0,0,0
"OTU_103",0.00980648694769473,0.00908915142090948,0.0102975118130069,0.00238616616671588,0.0134702357016214,0.0113960764204212,0.00748934025710743,0.00380407112661492,0.00916129628128375,0.0119381135625872,0.0156607826355291,0.00296848754919776,0.00395139979575258,0.0100712223269709,0.000633187856153472,0.000156500088135234,0.000264220393327964,0.00544964872449539,0,0,0,0,0,0.0146341463407936
"OTU_1030",0,0,0,0,0,0,0,0,0,0,0,0,0,0,0,0,0,0,0,5.83336979189448e-05,0,0,0,0
"OTU_1031",0,0,0,0,0,0,0,0,0,0,0,0,0,0,0,0,0,0,0,0,8.18644295884614e-05,0,0,0
"OTU_1032",0,0,0,0,0,0,0,0,0,0,0,0,0,0,0,0,0,0,0,0,0.000414263078686548,0,0,0
"OTU_1033",0,0,0,0,0,0,0,0,0,0,0,0,0,0,0,0,0,0,0,0,0.000110404827139917,0,0,0
"OTU_1034",0,0,0,0,0,0,0,0,0,0,0,0,0,0,0,0,0,0,0,0,9.4247240148349e-05,0,0,0
"OTU_1035",0,0,0,0,0,0,0,0,0,0,0,0,0,0,0,0,0,0,0,0,0.000521844160449811,0,0,0
"OTU_1036",0,0,0,0,0,0,0,0,0,0,0,0,0,0,0,0,0,0,0,0,0.000166742012978619,0,0,0
"OTU_1037",0,0,0,0,0,0,0,0,0,0,0,0,0,0,0,0,0,0,0,0,8.6838352216031e-05,0,0,0
"OTU_1038",0,0,0,0,0,0,0,0,0,0,0,0,0,0,0,0,0,0,0,0,0.000230269690729745,0,0,0
"OTU_1039",0,0,0,0,0,0,0,0,0,0,0,0,0,0,0,0,0,0,0,0,0.0001355018815443,0,0,0
"OTU_104",0.00134515047062402,0.00187352186645392,0.000100111547240958,0,0.000190484989513911,0.00027417005389082,0,0,0.00061470762574465,0.000639094702879445,0.00240936730389274,0.000336195359730584,0,0.000587931604914562,0,0,0,0,0,0,0,0,0,0
"OTU_1040",0,0,0,0,0,0,0,0,0,0,0,0,0,0,0,0,0,0,0,0,0.000168349451164539,0,0,0
"OTU_1041",0,0,0,0,0,0,0,0,0,0,0,0,0,0,0,0,0,0,0,0,0.000151878218670396,0,0.000166291496014629,0
"OTU_1042",0,0,0,0,0,0,0,0,0,0,0,0,0,0,0,0,0,0,0,0,9.46111067551959e-05,0,0,0
"OTU_1043",0,0,0,0,0,0,0,0,0,0,0,0,0,0,0,0,0,0,0,0,9.26616987673385e-05,0,0,0
"OTU_1044",0,0,0,0,0,0,0,0,0,0,0,0,0,0,0,0,0,0,0,0,0.000146125386986072,0,0,0
"OTU_1045",0,0,0,0,0,0,0,0,0,0,0,0,0,0,0,0,0,0,0,0,0.000142975515883797,0,0,0
"OTU_1046",0,0,0,0,0,0,0,0,0,0,0,0,0,0,0,0,0,0,0,0,0.000128780304840287,0,0,0
"OTU_1047",0,0,0,0,0,0,0,0,0,0,0,0,0,0,0,0,0,0,0,0,0.000510860585674844,0,0,0
"OTU_1048",0,0,0,0,0,0,0,0,0,0,0,0,0,0,0,0,0,0,0,0,0.000173992474825464,0,0,0
"OTU_1049",0,0,0,0,0,0,0,0,0,0,0,0,0,0,0,0,0,0,0,0,0.000115994983216976,0,0,0
"OTU_105",0.00332468043786577,0.00169485402650924,0.00105334057778555,0.000351660249109238,0.00181971338524354,0.00196960120576412,0.00043019841745917,0.000353894428788149,0.0016188071569235,0.000596077769323695,0.000600845057582915,0.000569342704460438,0.000977178655688562,0.00134890756556634,0.00522603938452303,0.00725252690023772,0.00508481367604468,0,0,0.000435690092161604,0.000521073397965613,0.000418615854064759,7.70553750747437e-05,0.0048780487804878
"OTU_1050",0,0,0,0,0,0,0,0,0,0,0,0,0,0,0,0,0,0,0,0,0.000166743116712779,0,0,0
"OTU_1051",0,0,0,0,0,0,0,0,0,0,0,0,0,0,0,0,0,0,0,0,0.000118298976857122,0,0,0
"OTU_1052",0,0,0,0,0,0,0,0,0,0,0,0,0,0,0,0,0,0,0,0,0.000140733007534286,0,0,0
"OTU_1053",0,0,0,0,0,0,0,0,0,0,0,0,0,0,0,0,0,0,0,0,0.000136297163884048,0,0,0
"OTU_1054",0,0,0,0,0,0,0,0,0,0,0,0,0,0,0,0,0,0,0,0,0.000108745168578387,0,4.35848076460228e-05,0
"OTU_1055",0,0,0,0,0,0,0,0,0,0,0,0,0,0,0,0,0,0,0,0,0.000253739025786892,0,0,0
"OTU_1056",0,0,0,0,0,0,0,0,0,0,0,0,0,0,0,0,0,0,0,0,0.000210240906793587,0,0,0
"OTU_1057",0,0,0,0,0,0,0,0,0,0,0,0,0,0,0,0,0,0,0,0,0.000181242161276525,0,0,0
"OTU_1058",0,0,0,0,0,0,0,0,0,0,0,0,0,0,0,0,0,0,0,0,0.000101590136196857,0,0,0
"OTU_1059",0,0,0,0,0,0,0,0,0,0,0,0,0,0,0,0,0,0,0,0,7.97465509616709e-05,0.000150075452847244,0,0
"OTU_106",0.00543648900072929,0.00476566814738045,0.00413122554195776,0.000550484536440767,0.0080116234722639,0.00813251606848433,0.00295900938877482,0.000632195285756891,0.0030871202950111,0.00426438313919934,0.00702351264237343,0.00202452938949383,0.000430395105711132,0.00168216547524134,0.00142647940196967,0.00326250113295167,0.00290708039489865,0,0,0.000297175969456446,0.000392722221518197,0.000272519485790611,0.00150023615269918,0
"OTU_1060",0,0,0,0,0,0,0,0,0,0,0,0,0,0,0,0,0,0,0,0,0,0.00114119478717592,0.000161496077059754,0
"OTU_1061",0,0,0,0,0,0,0,0,0,0,0,0,0,0,0,0,0,0,0,0,0,0.0175253534531529,0.00348358631570498,0.0048780487804878
"OTU_1062",0,0,0,0,0,0,0,0,0,0,0,0,0,0,0,0,0,0,0,0,0,0.00343963595171008,0.000120206385113064,0
"OTU_1063",0,0,0,0,0,0,0,0,0,0,0,0,0,0,0,0,0,0,0,0,0,0.0183440426666381,0.00057639890502421,0
"OTU_1064",0,0,0,0,0,0,0,0,0,0,0,0,0,0,0,0,0,0,0,0,0,0.000448169064601071,4.36850245976667e-05,0
"OTU_1065",0,0,0,0,0,0,0,0,0,0,0,0,0,0,0,0,0,0,0,0,0,0.000248477517005989,0,0
"OTU_1066",0,0,0,0,0,0,0,0,0,0,0,0,0,0,0,0,0,0,0,0,0,0.00010247509548553,0,0
"OTU_1067",0,0,0,0,0,0,0,0,0,0,0,0,0,0,0,0,0,0,0,0,0,4.33620244406402e-05,0,0
"OTU_1068",0,0,0,0,0,0,0,0,0,0,0,0,0,0,0,0,0,0,0,0,0,0.000213265088505012,0,0
"OTU_1069",0,0,0,0,0,0,0,0,0,0,0,0,0,0,0,0,0,0,0,0,0,4.24108790094355e-05,0,0
"OTU_107",0.00863064967810354,0.00846531334281637,0.00521163991971505,0.000849393865432636,0.0172382520141067,0.00886886401588824,0.00443658932963074,0.000797702621783202,0.00538848043239369,0.0049192826014202,0.00949583591233078,0.00290383316534185,0.00102456348565435,0.00166549532955893,0.000492823823410477,0.00117954068886608,0.00103497806225047,0,0,4.59972422102875e-05,0,0,0.000169322623597788,0
"OTU_1070",0,0,0,0,0,0,0,0,0,0,0,0,0,0,0,0,0,0,0,0,0,0.00383646685826127,0.000469665895845702,0
"OTU_1071",0,0,0,0,0,0,0,0,0,0,0,0,0,0,0,0,0,0,0,0,0,0.000882872583824202,6.78087521846924e-05,0
"OTU_1072",0,0,0,0,0,0,0,0,0,0,0,0,0,0,0,0,0,0,0,0,0,0.000431714278201459,3.69838594860786e-05,0
"OTU_1073",0,0,0,0,0,0,0,0,0,0,0,0,0,0,0,0,0,0,0,0,0,6.54183881487556e-05,0,0
"OTU_1074",0,0,0,0,0,0,0,0,0,0,0,0,0,0,0,0,0,0,0,0,0,6.02821657980073e-05,0,0
"OTU_1075",0,0,0,0,0,0,0,0,0,0,0,0,0,0,0,0,0,0,0,0,0,0.000139166557096383,0,0
"OTU_1076",0,0,0,0,0,0,0,0,0,0,0,0,0,0,0,0,0,0,0,0,0,6.51486629207016e-05,0,0
"OTU_1077",0,0,0,0,0,0,0,0,0,0,0,0,0,0,0,0,0,0,0,0,0,0.000404086436683874,4.62332029356324e-05,0
"OTU_1078",0,0,0,0,0,0,0,0,0,0,0,0,0,0,0,0,0,0,0,0,0,4.34428912131048e-05,3.39043650333709e-05,0
"OTU_1079",0,0,0,0,0,0,0,0,0,0,0,0,0,0,0,0,0,0,0,0,0,0.000102683190761672,0,0
"OTU_108",0.00493107253101011,0.00447608528524569,0.0160439835428617,0.00034236241710327,0.00617226573336776,0.00384207692724203,0.000304796180747665,5.26802360834858e-05,0.000330507064404725,0.0052171243227035,0.0073329716178097,0.000386746197125755,0.000360249672594864,0.00183647065862013,0.000857913434239376,0.000869816847982561,0.00085542308022854,0,0,0,0.000144364231754418,4.93357294060431e-05,0.00069497702997943,0
"OTU_1081",0,0,0,0,0,0,0,0,0,0,0,0,0,0,0,0,0,0,0,0,0,6.7139009513256e-05,0,0
"OTU_1082",0,0,0,0,0,0,0,0,0,0,0,0,0,0,0,0,0,0,0,0,0,6.59361014832172e-05,0,0
"OTU_1083",0,0,0,0,0,0,0,0,0,0,0,0,0,0,0,0,0,0,0,0,0,4.72003303236447e-05,0,0
"OTU_1084",0,0,0,0,0,0,0,0,0,0,0,0,0,0,0,0,0,0,0,0,0,5.92890127288865e-05,0,0
"OTU_1085",0,0,0,0,0,0,0,0,0,0,0,0,0,0,0,0,0,0,0,0,0,0.000137867911895045,0,0
"OTU_1086",0,0,0,0,0,0,0,0,0,0,0,0,0,0,0,0,0,0,0,0,0,5.92403023476741e-05,0,0
"OTU_1087",0,0,0,0,0,0,0,0,0,0,0,0,0,0,0,0,0,0,0,0,0,3.94935349083355e-05,0,0
"OTU_1088",0,0,0,0,0,0,0,0,0,0,0,0,0,0,0,0,0,0,0,0,0,5.52909488716697e-05,0,0
"OTU_1089",0,0,0,0,0,0,0,0,0,0,0,0,0,0,0,0,0,0,0,0,0,9.47846708190266e-05,0,0
"OTU_109",0.00639997368808587,0.00611943524350015,0.00525686654628607,0.000939398470866325,0.00802155304592757,0.011412516884818,0.000955417944132559,0.000614083111341048,0.00364102267530441,0.00548694817752706,0.0129366613303826,0.00257106301968085,0.00118307039485526,0.00317979574560451,0.000750643408633458,0.00139826858018293,0.00153795327220581,0,0,4.37502750424869e-05,0.000246489339336074,4.34428883991691e-05,0.00268307178968715,0
"OTU_1090",0,0,0,0,0,0,0,0,0,0,0,0,0,0,0,0,0,0,0,0,0,4.34428883991691e-05,0,0
"OTU_1091",0,0,0,0,0,0,0,0,0,0,0,0,0,0,0,0,0,0,0,0,0,0,3.2305162684297e-05,0
"OTU_1092",0,0,0,0,0,0,0,0,0,0,0,0,0,0,0,0,0,0,0,0,0,0,3.39523260419065e-05,0
"OTU_1093",0,0,0,0,0,0,0,0,0,0,0,0,0,0,0,0,0,0,0,0,0,0,4.31470466828745e-05,0
"OTU_1094",0,0,0,0,0,0,0,0,0,0,0,0,0,0,0,0,0,0,0,0,0,0,4.89825543849641e-05,0
"OTU_1095",0,0,0,0,0,0,0,0,0,0,0,0,0,0,0,0,0,0,0,0,0,0,4.99526171693893e-05,0
"OTU_1096",0,0,0,0,0,0,0,0,0,0,0,0,0,0,0,0,0,0,0,0,0,0,3.69865800377927e-05,0
"OTU_1097",0,0,0,0,0,0,0,0,0,0,0,0,0,0,0,0,0,0,0,0,0,0,0.000209547192271781,0
"OTU_1098",0,0,0,0,0,0,0,0,0,0,0,0,0,0,0,0,0,0,0,0,0,0,5.35622536805695e-05,0
"OTU_1099",0,0,0,0,0,0,0,0,0,0,0,0,0,0,0,0,0,0,0,0,0,0,7.08909428899074e-05,0
"OTU_11",6.38489667005629e-05,0.00015265134460118,0.000965557777398363,0.000239426706175515,0,0,0.000175922655351951,0.000264889762889418,0.000133078074988133,0.000212532611121314,0,4.61184262087613e-05,0.000143589636756902,0.000359114904766742,0,0,0,0,0,0,0,0,0,0
"OTU_110",0.0134461489332287,0.00893364364274836,0.0111998069856016,0.00123062903974506,0.0104059033685887,0.015769454560521,0.0029437735671674,0.00220831908823723,0.00584866376484346,0.0118716302646646,0.0183361598070746,0.00350761862670033,0.00377315285187562,0.00734926529754137,0.00189448098396537,0.00174076915821365,0.00117401595206262,0.0101910828025479,0,0,0,0,0.0011477739886489,0.0048780487804878
"OTU_1100",0,0,0,0,0,0,0,0,0,0,0,0,0,0,0,0,0,0,0,0,0,0,0.000653399571602127,0
"OTU_1101",0,0,0,0,0,0,0,0,0,0,0,0,0,0,0,0,0,0,0,0,0,0,9.82322266172024e-05,0.0048780487804878
"OTU_1102",0,0,0,0,0,0,0,0,0,0,0,0,0,0,0,0,0,0,0,0,0,0,0.000878727901644845,0
"OTU_1103",0,0,0,0,0,0,0,0,0,0,0,0,0,0,0,0,0,0,0,0,0,0,0.000493157464286369,0
"OTU_1104",0,0,0,0,0,0,0,0,0,0,0,0,0,0,0,0,0,0,0,0,0,0,0.000169503590085427,0
"OTU_1105",0,0,0,0,0,0,0,0,0,0,0,0,0,0,0,0,0,0,0,0,0,0,5.91283128985654e-05,0
"OTU_1106",0,0,0,0,0,0,0,0,0,0,0,0,0,0,0,0,0,0,0,0,0,0,3.6986580035877e-05,0
"OTU_1107",0,0,0,0,0,0,0,0,0,0,0,0,0,0,0,0,0,0,0,0,0,0,4.59365565882325e-05,0
"OTU_1108",0,0,0,0,0,0,0,0,0,0,0,0,0,0,0,0,0,0,0,0,0,0,5.33977573670337e-05,0
"OTU_1109",0,0,0,0,0,0,0,0,0,0,0,0,0,0,0,0,0,0,0,0,0,0,4.84708209731466e-05,0
"OTU_111",0.000117740090739705,0.000111909205276388,7.84138008289459e-05,6.78559972364103e-05,0.000135318170117843,0,0,0.00010083724033099,0,0,0,9.46876623945055e-05,0.000166852479657799,0.000199071473925353,0.00128064784568098,0.00336311232110999,0.00122199730896352,0,0,0.000423012938734435,0.000165046866451763,0.000254467179371928,0.000286900619721532,0
"OTU_1110",0,0,0,0,0,0,0,0,0,0,0,0,0,0,0,0,0,0,0,0,0,0,0.000534847945916735,0
"OTU_1111",0,0,0,0,0,0,0,0,0,0,0,0,0,0,0,0,0,0,0,0,0,0,0.000308221500315176,0
"OTU_1112",0,0,0,0,0,0,0,0,0,0,0,0,0,0,0,0,0,0,0,0,0,0,0.000138751427431867,0
"OTU_1113",0,0,0,0,0,0,0,0,0,0,0,0,0,0,0,0,0,0,0,0,0,0,5.2397655051051e-05,0
"OTU_1114",0,0,0,0,0,0,0,0,0,0,0,0,0,0,0,0,0,0,0,0,0,0,8.67452170666705e-05,0
"OTU_1115",0,0,0,0,0,0,0,0,0,0,0,0,0,0,0,0,0,0,0,0,0,0,0.000274317135266113,0
"OTU_1116",0,0,0,0,0,0,0,0,0,0,0,0,0,0,0,0,0,0,0,0,0,0,0.000493884484775287,0
"OTU_1117",0,0,0,0,0,0,0,0,0,0,0,0,0,0,0,0,0,0,0,0,0,0,0.000295923667761373,0
"OTU_1118",0,0,0,0,0,0,0,0,0,0,0,0,0,0,0,0,0,0,0,0,0,0,0.00044128670147466,0
"OTU_1119",0,0,0,0,0,0,0,0,0,0,0,0,0,0,0,0,0,0,0,0,0,0,0.00069641528324215,0
"OTU_112",0.00894696756064228,0.00787823266254222,0.00918216697057457,0.00955204515504358,0.00288578026888899,0.00353364759417054,0.0023957569889994,0.0097269788733259,0.0110504611216369,0.00550893279031233,0.00809331040886999,0.0123574328344822,0.00134329043221362,0.00710279435618012,0.00230164409256591,0.00455195088738184,0.00381517151240571,0.0258656911362392,0,0.0176401990425005,0.0211848333417875,0.0100810670423612,0.0136333869835694,0
"OTU_1120",0,0,0,0,0,0,0,0,0,0,0,0,0,0,0,0,0,0,0,0,0,0,0.000223702174243382,0
"OTU_1121",0,0,0,0,0,0,0,0,0,0,0,0,0,0,0,0,0,0,0,0,0,0,7.0885133385194e-05,0
"OTU_1122",0,0,0,0,0,0,0,0,0,0,0,0,0,0,0,0,0,0,0,0,0,0,3.29747707442601e-05,0
"OTU_1123",0,0,0,0,0,0,0,0,0,0,0,0,0,0,0,0,0,0,0,0,0,0,0.000101654216252101,0
"OTU_1124",0,0,0,0,0,0,0,0,0,0,0,0,0,0,0,0,0,0,0,0,0,0,0.000360654077107132,0
"OTU_1125",0,0,0,0,0,0,0,0,0,0,0,0,0,0,0,0,0,0,0,0,0,0,0.000138696556409108,0
"OTU_1126",0,0,0,0,0,0,0,0,0,0,0,0,0,0,0,0,0,0,0,0,0,0,9.5548769527703e-05,0
"OTU_1127",0,0,0,0,0,0,0,0,0,0,0,0,0,0,0,0,0,0,0,0,0,0,0.000143917273050991,0
"OTU_1128",0,0,0,0,0,0,0,0,0,0,0,0,0,0,0,0,0,0,0,0,0,0,7.70553750749551e-05,0
"OTU_1129",0,0,0,0,0,0,0,0,0,0,0,0,0,0,0,0,0,0,0,0,0,0,0.000166439609094266,0
"OTU_113",0.000933388507411962,0.000975211693781589,0.000531994203958025,0.000242389213078542,0.000182036462707291,0.000239202278668273,0.000180834932920174,0.0002770269258424,0.000168269608586746,0.000408211455520843,0.00091614612851689,0.000352274841320681,0,0.000479900087794423,0,0.000135810880765128,0.000174397272948889,0,0,0,0,0,0.000119418275738292,0
"OTU_1130",0,0,0,0,0,0,0,0,0,0,0,0,0,0,0,0,0,0,0,0,0,0,3.48404331928123e-05,0
"OTU_1131",0,0,0,0,0,0,0,0,0,0,0,0,0,0,0,0,0,0,0,0,0,0,0.000146259389982405,0
"OTU_1132",0,0,0,0,0,0,0,0,0,0,0,0,0,0,0,0,0,0,0,0,0,0,0.000186826481877005,0
"OTU_1133",0,0,0,0,0,0,0,0,0,0,0,0,0,0,0,0,0,0,0,0,0,0,0.000247712615211938,0
"OTU_1134",0,0,0,0,0,0,0,0,0,0,0,0,0,0,0,0,0,0,0,0,0,0,9.50010797681241e-05,0
"OTU_1135",0,0,0,0,0,0,0,0,0,0,0,0,0,0,0,0,0,0,0,0,0,0,3.69865800358799e-05,0
"OTU_1136",0,0,0,0,0,0,0,0,0,0,0,0,0,0,0,0,0,0,0,0,0,0,8.9167107811378e-05,0
"OTU_1137",0,0,0,0,0,0,0,0,0,0,0,0,0,0,0,0,0,0,0,0,0,0,4.31510101770719e-05,0
"OTU_1138",0,0,0,0,0,0,0,0,0,0,0,0,0,0,0,0,0,0,0,0,0,0,4.45662868049484e-05,0
"OTU_1139",0,0,0,0,0,0,0,0,0,0,0,0,0,0,0,0,0,0,0,0,0,0,3.63835748648841e-05,0
"OTU_114",0.00530294882664397,0.00331578896601981,0.00592441974767414,0.00161453350110598,0.00119270580031188,0.00283646621934722,0.00204149675984186,0.00573777103162968,0.00442106198647354,0.00191353669178921,0.00363754677569131,0.00126186842603398,0.000406306808886408,0.00121505072592623,0.000297790727830736,0.000272060851004735,0.000211903538096729,0,0,0,0,0,0.000164849207498964,0
"OTU_1140",0,0,0,0,0,0,0,0,0,0,0,0,0,0,0,0,0,0,0,0,0,0,8.01376667974546e-05,0
"OTU_1141",0,0,0,0,0,0,0,0,0,0,0,0,0,0,0,0,0,0,0,0,0,0,6.69964442329066e-05,0
"OTU_1142",0,0,0,0,0,0,0,0,0,0,0,0,0,0,0,0,0,0,0,0,0,0,4.94875738253875e-05,0
"OTU_1143",0,0,0,0,0,0,0,0,0,0,0,0,0,0,0,0,0,0,0,0,0,0,3.39045857530366e-05,0
"OTU_1144",0,0,0,0,0,0,0,0,0,0,0,0,0,0,0,0,0,0,0,0,0,0,0.000144867757820945,0
"OTU_1145",0,0,0,0,0,0,0,0,0,0,0,0,0,0,0,0,0,0,0,0,0,0,0.000120209262683247,0
"OTU_1146",0,0,0,0,0,0,0,0,0,0,0,0,0,0,0,0,0,0,0,0,0,0,3.39043740709667e-05,0
"OTU_1147",0,0,0,0,0,0,0,0,0,0,0,0,0,0,0,0,0,0,0,0,0,0,3.76958207318152e-05,0
"OTU_1148",0,0,0,0,0,0,0,0,0,0,0,0,0,0,0,0,0,0,0,0,0,0,7.08909450681162e-05,0
"OTU_1149",0,0,0,0,0,0,0,0,0,0,0,0,0,0,0,0,0,0,0,0,0,0,4.00687950388667e-05,0
"OTU_115",0.00235060638637215,0.00166471115753225,0.000760479093154932,0.000200067040954296,0.000428356619727211,0.000906070285711701,0.00057204871590066,5.23519326192661e-05,0.00130619296821273,0.000755156892944796,0.00100743039450334,0.000260339214634177,0,0.00055546858758723,0,0,0,0,0,0,0,0,0,0
"OTU_1150",0,0,0,0,0,0,0,0,0,0,0,0,0,0,0,0,0,0,0,0,0,0,6.38344065985579e-05,0
"OTU_1151",0,0,0,0,0,0,0,0,0,0,0,0,0,0,0,0,0,0,0,0,0,0,7.08909450687642e-05,0
"OTU_1152",0,0,0,0,0,0,0,0,0,0,0,0,0,0,0,0,0,0,0,0,0,0,7.40094300859783e-05,0
"OTU_1153",0,0,0,0,0,0,0,0,0,0,0,0,0,0,0,0,0,0,0,0,0,0,3.6986580035877e-05,0
"OTU_1154",0,0,0,0,0,0,0,0,0,0,0,0,0,0,0,0,0,0,0,0,0,0,0.000110908152312709,0
"OTU_1155",0,0,0,0,0,0,0,0,0,0,0,0,0,0,0,0,0,0,0,0,0,0,6.93640564369305e-05,0
"OTU_1156",0,0,0,0,0,0,0,0,0,0,0,0,0,0,0,0,0,0,0,0,0,0,4.00687950388667e-05,0
"OTU_1157",0,0,0,0,0,0,0,0,0,0,0,0,0,0,0,0,0,0,0,0,0,0,4.93117873674087e-05,0
"OTU_1158",0,0,0,0,0,0,0,0,0,0,0,0,0,0,0,0,0,0,0,0,0,0,0.000154133373218275,0
"OTU_1159",0,0,0,0,0,0,0,0,0,0,0,0,0,0,0,0,0,0,0,0,0,0,4.93154399516818e-05,0
"OTU_116",0.000289023404418855,0.000295782325903172,0.000185415297175936,8.75962204112876e-05,0.000117578293213868,0.000105903225933785,9.00866972416952e-05,0.000215336300538447,0.000228162927440516,0.000374370839366106,0.000429927798680953,7.98715082220101e-05,0,0.0001230342125295,0,0,0,0,0,0,0,0,3.57733835353705e-05,0
"OTU_1160",0,0,0,0,0,0,0,0,0,0,0,0,0,0,0,0,0,0,0,0,0,0,3.08221500298975e-05,0
"OTU_1161",0,0,0,0,0,0,0,0,0,0,0,0,0,0,0,0,0,0,0,0,0,0,4.00687950388667e-05,0
"OTU_1162",0,0,0,0,0,0,0,0,0,0,0,0,0,0,0,0,0,0,0,0,0,0,9.55486649940015e-05,0
"OTU_1163",0,0,0,0,0,0,0,0,0,0,0,0,0,0,0,0,0,0,0,0,0,0,3.6986580035877e-05,0
"OTU_1164",0,0,0,0,0,0,0,0,0,0,0,0,0,0,0,0,0,0,0,0,0,0,3.3904343013625e-05,0
"OTU_1165",0,0,0,0,0,0,0,0,0,0,0,0,0,0,0,0,0,0,0,0,0,0,3.39043650301648e-05,0
"OTU_1166",0,0,0,0,0,0,0,0,0,0,0,0,0,0,0,0,0,0,0,0,0,0,4.00980420899985e-05,0
"OTU_1167",0,0,0,0,0,0,0,0,0,0,0,0,0,0,0,0,0,0,0,0,0,0,4.00687950388667e-05,0
"OTU_1168",0,0,0,0,0,0,0,0,0,0,0,0,0,0,0,0,0,0,0,0,0,0,6.78040620576046e-05,0
"OTU_1169",0,0,0,0,0,0,0,0,0,0,0,0,0,0,0,0,0,0,0,0,0,0,4.31447115424226e-05,0
"OTU_117",8.79845483779816e-05,9.54208931856741e-05,8.91296667411616e-05,0.000108870719870831,0,4.65166157074584e-05,6.25093773807781e-05,0.00134741058493938,0.000101077491028455,0,0,6.02330196543292e-05,0,0.000720977461862774,0,0,0,0,0,0,0,0,0,0
"OTU_1170",0,0,0,0,0,0,0,0,0,0,0,0,0,0,0,0,0,0,0,0,0,0,6.78087300728849e-05,0
"OTU_1171",0,0,0,0,0,0,0,0,0,0,0,0,0,0,0,0,0,0,0,0,0,0,8.9385361697458e-05,0
"OTU_1172",0,0,0,0,0,0,0,0,0,0,0,0,0,0,0,0,0,0,0,0,0,0,0.000129453030125569,0
"OTU_1173",0,0,0,0,0,0,0,0,0,0,0,0,0,0,0,0,0,0,0,0,0,0,8.6302020083713e-05,0
"OTU_1174",0,0,0,0,0,0,0,0,0,0,0,0,0,0,0,0,0,0,0,0,0,0,5.54802507502416e-05,0
"OTU_1175",0,0,0,0,0,0,0,0,0,0,0,0,0,0,0,0,0,0,0,0,0,0,5.5479870054505e-05,0
"OTU_1176",0,0,0,0,0,0,0,0,0,0,0,0,0,0,0,0,0,0,0,0,0,0,0,0.0048780487804878
"OTU_1177",0,0,0,0,0,0,0,0,0,0,0,0,0,0,0,0,0,0,0,0,0,0,0,0.00487804873915674
"OTU_1178",0,0,0,0,0,0,0,0,0,0,0,0,0,0,0,0,0,0,0,0,0,0,0,0.0048780487804878
"OTU_118",0.00041999555708246,0.000570432678719446,0.000109247454189961,0.000101494677271631,0.000113208512115456,0.000166332526864234,0,6.2398592080092e-05,0,0.0001794012216978,0,9.39049910665881e-05,0,0.000254350919231407,0,0,0,0,0,0,0,0,0.000240406502062718,0
"OTU_119",0.00384126546596216,0.00252650932137019,0.0025010459915871,0.00123429652582511,0.000942872540027003,0.00142068786161026,0.000930804163552863,0.00115939914317336,0.00436876774732247,0.00309411546840482,0.00340480190309835,0.00168763322864134,0.000385511033668307,0.00144690643375932,0.000303831856254964,0.000445385957910086,0.000246056900087884,0,0,4.18853819904683e-05,0.000101498943974755,0.000107248194225933,0.000842742089047327,0
"OTU_120",0.000945778299928317,0.000667752979685336,0.000571367846169743,0.000238470602873375,0.00125593835109957,0.000778428314361719,0,9.50914388271471e-05,5.75652216554945e-05,0.000307992179328013,0.000514100605215879,0.000518185751850315,0.000744173502801842,0.000680498643468067,0,0.00117082669696372,0.00124694162692217,0,0,5.28750874751588e-05,0,0,0.000167402770711929,0
"OTU_121",0.0031890707392905,0.00269966195136438,0.0019792106365517,0.001291079319556,0.00193178452523977,0.00158663519243601,0.00425732230771884,0.00336134016235957,0.00804024848886474,0.00387559515898708,0.00161437981222372,0.01082758474177,0.00372652501566469,0.00622210815915523,0.00328768822951166,0.00843126465035227,0.0035304829667587,0,0,0,0,0,4.20170577210863e-05,0
"OTU_122",6.97837508087452e-05,7.58389563279787e-05,0.000114373396902179,0,0.000121518472862024,8.65084982825514e-05,0,0,0,0,0,0,7.58664622835727e-05,0.000234673740247967,0,0.000283019740041667,0.000330958708885933,0,0,0,0,0,6.70981416884988e-05,0
"OTU_123",0.000470525224576527,0.000530498781696824,3.6737942847324e-05,0,0.000509544690709027,0.000201137621215745,9.86403953465301e-05,0.000595391500801703,0.0007050634770403,0.000315020851727284,0,0.000382905510164179,0.00011755515616036,0.000148661736411227,0,0.000248494827478392,0.000164178157358154,0,0,0,0,0,0,0
"OTU_124",0.00920261214545622,0.0118951695019034,0.00152376388598345,0.000212197116376987,0.009925432503748,0.0124978532247974,0.000464841695285018,0.00015402767923024,0.000340609165123046,0.0124706523557464,0.0236993826924248,0.000649535364815945,0.000280503830346118,0.00204019404940176,0.000570812753792314,0.00105679596031673,0.000893104822852792,0.00721868370781691,0,0,0,0,0.000445092345128742,0.00975609756097561
"OTU_125",0.000144968051736493,0.000160552030358328,7.96799441961359e-05,3.14044318033917e-05,0.000428919412792865,0.000195040366736909,0.00220187344511745,0.000296489383254694,0.000997061752561708,0,0,6.49632637733881e-05,0.0002087533701603,0.00136007925166511,0.000290891719193972,0.000203456381359698,0.000149557604455511,0,0,0,0,0,0,0
"OTU_126",0.000229667570086745,0.00023353414863067,6.56075431150962e-05,5.2214443482213e-05,0.000228510611893693,0.000218874960651866,0.000676802495408475,0.000381208137390721,0.00204735932098215,0.00044061402047787,0,0.000777328519058931,0.000160935866448788,0.000250166451214326,0.000215116468494945,0.000723132394204266,0.00042674829003817,0,0,0,0,0,0,0
"OTU_127",0.0127199424811963,0.0124858956852983,0.00791974042973072,0.00366076421604734,0.00247690314292903,0.00712745817476108,0.00621043946272349,0.00122761815143598,0.00230827172217304,0.00710549962558621,0.0210136503586664,0.00204585500647077,0.00106296759265121,0.0034258712481607,0.000593156798128032,0.00106225382205527,0.00123585253814116,0.00869038277781055,0,0.000172345300924017,0.00041847826394485,0.000443864041953253,0.00175216644611341,0.00975609756097561
"OTU_128",0.000151754783639285,0.000216893138745946,0.000188551034789093,6.81942414991912e-05,7.98898462152545e-05,8.22530323126613e-05,0,0.000410581622621278,0,0,0.000307941351351788,0.000112929897264391,0,0,0,0,0,0,0,0,0,0,0,0
"OTU_129",0.000120324157265234,0.000145380728268558,8.68386829962669e-05,9.02918421124352e-05,4.74983475839719e-05,0,0.000112063024608061,0.000172806789509346,8.66540997066087e-05,0,0,0.00071628285361261,0,0.000131589339016172,0,0,0,0,0,0,0,0,0,0
"OTU_13",0.00624132971641667,0.00589213128239087,0.00476835974859732,0.000747597085040372,0.00119229710317356,0.00164989991947608,0.000568794929939076,0.00105033932944357,0.00312073174982915,0.0027481266600085,0.00632762561830475,0.00911606384950009,0.000832090965657579,0.0022084783036575,0,0.000186046246885508,0.00023878033052447,0,0,0,0,0,9.20941700201567e-05,0.0048780487804878
"OTU_130",0.000389141596881592,0.000341963061484557,0.00511824924363205,0.010794840660575,0.000187040702055597,0.000408196961113446,0.000204586294762904,0.00462214957067993,0.00319159477093727,0.00017586127530765,0.000405436642153466,0.00280622447111804,0.000108812514451837,0.000491515577617026,0,0.000340988274431373,0.000161192578560359,0,0,0.000306682788670484,0.000522137325572533,0,5.33722874378059e-05,0
"OTU_131",0.00451427035887526,0.00345691521384015,0.00266149255614005,0.00307220551558661,0.00104259725803037,0.00218205780153227,0.00124975389091012,0.00677313486369155,0.00277510324897574,0.00492201421545661,0.00270141667298131,0.00745944389404293,0.00196446191197452,0.00415262046633155,0.000617832710006877,0.00134485744731003,0.00120091363334881,0,0,0.000314462195937887,0.00153766844233045,0.000160609607862478,0.00164930399058898,0
"OTU_132",0.00302427275413716,0.00219786962103249,0.00140943552956153,0.000492133914601966,0.0012683362845321,0.0019102632523152,0.000153849823602592,0.000116798399153456,7.46038220074589e-05,0.00467598128055615,0.00607263036741233,0.000671118553375462,0.000589803131208846,0.00220705537733019,0.00336878393495127,0.00210014944417721,0.00269836103502529,0.00655203878343968,0,0.000155789556601797,0.000704297132610952,0.000204532995155732,0.018347670444166,0
"OTU_133",0.00051737154573097,0.000406146490019171,0.000289241888204867,0.000143062848321498,0.00032119085118178,0.000230926061283566,7.07439830508184e-05,9.21442435250787e-05,0,0.000450944467783836,0.00033947931350931,0.000172761694629211,6.42832923420541e-05,0.000106961726130374,0,0.000128097041884603,0.00013605938674379,0,0,0,0,0,0.00116693211935317,0.0048780487804878
"OTU_134",8.09005890080578e-05,5.65364404788124e-05,7.32374794412935e-05,6.5947658746054e-05,4.92388972509247e-05,0,0,0.000311789689126259,5.74166060560748e-05,0,0,8.36368230312343e-05,4.71820437251151e-05,0,0,0,0,0,0,0,0,0,0,0
"OTU_135",0.000101579059135674,5.30244420957434e-05,9.98435743290532e-05,0,0,0,0,0,0,0,0,4.70059532317558e-05,0,0,0,0,0,0,0,0,0,0,3.30320014255439e-05,0
"OTU_136",0.000223082521388432,9.33783882144058e-05,0.000227706380071229,0.000236509632783443,0.00020644715742704,0.000112133234137414,0.000143394905059977,0.000734745047025988,0,0,0,0.000119632824987995,0.000132100954524355,0.000132558198017499,0,0.000608771392013361,0.000272982074502723,0,0,0.000314833310501089,0.000241256553231609,0.000117082160684171,0.000225051215908747,0
"OTU_137",0.00102067959403152,0.000831316007374324,0.000992487332149432,0.000255560663389824,0.00035179084300053,0.000703655658632117,0.000136166142836737,0.000361186664170003,0.000421169645253831,0.00175949894670453,0.000672109763635396,0.00116838378637208,0.000139490842347613,0.00140801113218102,0,0.00024751299336435,0.00018042503985113,0,0,0,0.000222092459350019,0,8.21071603978354e-05,0
"OTU_138",0.000160301364150969,0.000141376858094806,0.000155771709278707,3.22673271275302e-05,0,0,0,0.000228892020943997,0.00045920952038885,0.000218119988693512,0,0.000772172794473039,6.19860249240507e-05,0.000160637698417011,0,0.000119404381227964,0,0,0,0,0,0,0,0
"OTU_139",5.35590523026755e-05,6.5425004694364e-05,0,0,0,0,0,0,6.75286000300063e-05,0,0,0.000121704115518764,0.000141541897792094,0,0,0,0,0,0,0,0,0,0,0
"OTU_14",0.00681035118557867,0.00294075077683163,0.000539557589704478,7.86065573262658e-05,0.000355014990317988,0.000414471979972861,0.000303542535670096,0.000666674403726711,0.00236433880345345,0.00279034897766329,0.00219547746798431,0.00248288849674958,0.00195763167127829,0.00479944529026829,0.000290823333954997,0.000347864429428376,0.000154849516971619,0.0073344960216393,0,0,0,0,0,0
"OTU_140",0.0003642475741159,0.000475563502214242,0.000513276428973934,8.68457679285129e-05,0.0003415674431725,0.000533496330490724,0.000123514562667383,0.000193961046277462,0.000227436905954692,0.000651289821834507,0,0.000252316888812148,0.000274384150398589,0.0010587618459401,0.00065117362356582,0.000329262498251393,0.000379544644352724,0,0,0.000105932152550833,0.000217475326716803,8.15261948014083e-05,0.000507940863560146,0
"OTU_141",0.000145482062429759,0.000121661592376121,7.68091267996499e-05,4.71402111442069e-05,0.000288917175896205,0.000213948219236352,8.58498411596676e-05,0.000141982218479709,9.54119515561845e-05,0.000342955741929086,0,0.000365901175617175,0.000135280616604057,0.000180105197415841,0.000235453920585683,0.00093742233816556,0.000304621021751516,0,0,0.000100658860997672,0.000242401817032706,0,7.04915283394808e-05,0
"OTU_142",5.97285608787494e-05,0.00012076524602396,0,0,6.12324260526678e-05,7.65835166172827e-05,0,8.46017728578207e-05,0,0,0,9.96746555091896e-05,5.0785457625834e-05,8.21822516818625e-05,0.00102797668467116,0.00391867092076465,0.00371728418063941,0,0,0.0226383725653276,0.0305537133818683,0.0167983653188312,0.0302107740461722,0
"OTU_143",0.00572411521147139,0.00365298645263665,0.000767719260813065,0.000215047111304186,0.000340394691820572,0.000418015188830061,0.000431618147677224,0.00018932538880408,0.000868979234911747,0.000451487200383489,0.000660889266157903,0.000790319885403211,0.000869762830578729,0.00117958087065536,0.00172112720334047,0.00250473057402565,0.00173310560156613,0,0,0.000200583927831908,0.000316809444531396,0,0.00641401429629374,0.0048780487804878
"OTU_144",0.000220526367876674,6.96853829948745e-05,0,0,0,0,0,0,6.10742302584533e-05,0,0,0,0,0,0,0,0,0,0,0,0,0,0.000146894862602781,0
"OTU_145",0.000177097861621657,9.41096669457125e-05,0,0,0,0,0,0,0,0,0,0,0,0,0,0,0,0,0,0,0,0,0,0
"OTU_146",0.000221097249205544,0.000121859824194302,0,0,0,8.64166691958926e-05,0,0,0,0,0,0,5.85549196018118e-05,0,0.00026378208462765,0.000227764446749409,0,0,0,0,0,0,0.000159093320165389,0
"OTU_147",0.000168535938049278,0.000123513365650884,0,0,0,0,0,0,9.83656997574785e-05,0,0,0,0,0,0,0,0,0,0,0,0,0,0,0
"OTU_148",4.9122610756397e-05,0,0,0,0,0,0,0,0,0,0,0,0,0,0,0,0,0,0,0,0,0,0.000122597281792528,0
"OTU_149",0.00261262265035813,0.00272418513105685,0.0015826282400544,0.000490605121936131,0.00130368694885055,0.00177438400291862,0.000241773014312096,0.000122225574759264,0.0010258309411647,0.00190243888402819,0.00300945605438622,0.00152369706018829,0.000449215510505948,0.000641529329176252,0.000411066570212875,0.000438735134806369,0.000625347825816161,0,0,8.02088321024809e-05,0,0,0.00143201494544737,0.0048780487804878
"OTU_15",0.0121857968239023,0.00767554430099941,0.0104118499551912,0.00358296477122931,0.00678066009934883,0.00624368829954573,0.00495113889041478,0.00984265619598829,0.00794174280254788,0.0056453238134366,0.00549853060457494,0.0101220766457328,0.0286896974761553,0.0085651986515481,0.00278522798878857,0.00242502111347808,0.00129855145253676,0.0106652386173734,0.000112121858254827,0,0,0,0.000163453540111406,0.00543881771958192
"OTU_150",0.00220845773554907,0.00290246167740058,0.000803112397029097,0.00207643061143223,0.00110473660695555,0.00107533336208651,0.0006446172781204,0.000339547830621746,0.00503476714367298,0.0039852661046356,0.00145365741874365,0.00282270525872166,0.139741938397288,0.141485349407022,0.00121532742678549,0.00953728014468378,0.00786541192916455,0.0157112526539309,5.0868698639956e-05,0,0,0.000193301945085712,0,0.0146341463414634
"OTU_151",0.000125787840251171,6.06767458853237e-05,3.36237508345671e-05,0,0,6.42802724422106e-05,0,0,0,0.000422193900241562,0,7.14677783126033e-05,0,0.000184829305972735,0,0,0,0,0,0,0,0,0,0
"OTU_152",0.00210321309527448,0.00159631607813651,0.00101443052981747,0.000309612775073942,0.000568189155094746,0.000633404462106988,0.00128706656844717,0.00129056848775324,0.00117496816285688,0.00170455580786575,0.00122305689091036,0.00248643977395438,0.000911555021610462,0.00282969203549416,0.000754322323004904,0.00137684903427792,0.0011548778950489,0,0,8.02089092755021e-05,0.000171765830850062,0.000110824191395855,0.00014660180879404,0.00487379995500002
"OTU_153",0.00535421513748281,0.00277209430562499,0.00137252772766409,0.00072949188236159,0.00503150640422236,0.00131389580917926,0.000363377654913877,0.000261293131343883,0.0013827005230217,0.00236303447494743,0.00174662017951637,0.000917195814649737,0.000314685608908337,0.000556488168238844,0.000912749402989712,0.00135962431082595,0.001765359829671,0,0,0.000923919515925574,0.000923924850184464,0.000515123558112504,0.0254800972837065,0.0048780487804878
"OTU_154",0.000300166439883485,0.000347581060993838,9.20342778746193e-05,0,4.25339751562911e-05,8.25368414063385e-05,0,6.09222343292825e-05,6.77220450941537e-05,0.000225423703538083,0.000265169154953918,0.000262654240327898,5.55562563910556e-05,0.000246056142249252,0,0.00046655755094824,0.00040316879278532,0,0,0,0,0,0,0
"OTU_155",0.00206048530006286,0.00228979497840608,0.000781370921293582,0.00026186538419877,0.000669691638972843,0.00108402456053574,0.000556576693388715,0.000938174698069726,0.000766321607770658,0.00189181679007489,0.00132204772503685,0.00262810884094477,0.00731728207881814,0.00291641679286937,0.00220076537806912,0.00242670174736591,0.00156641862945764,0,0,0.000809860589768383,0.000855619833053726,0.000169215568426203,0.00014137076803139,0
"OTU_156",4.93816990049764e-05,8.30981352245084e-05,0.000110532719432433,0,0,9.11671014700654e-05,7.95011199222794e-05,5.14765350573619e-05,5.20236754876947e-05,0,0,9.84476131848689e-05,0,0,0,0,0,0,0,0,0,0,6.13614589409384e-05,0
"OTU_157",0.000237885097432545,0.000216398822197342,0.000106542398093199,4.67454731976934e-05,6.23235499301485e-05,0.000101442147224953,0,0,9.11940850649088e-05,0,0.000222200963272333,0,0,0,0,0,0,0,0,0,0,0,0,0
"OTU_158",0.000312604901753075,0.000248013815706262,0.000230454717611403,0.000221901323439334,0.000143578376098326,0.00018132612409003,0.000144672945285439,0.000162543588200327,0.000155341596181714,0.000155867152514449,0.000441421029743177,0.000233550410355623,0,0.000309214280540447,0.00335515680943694,0.00546538212893643,0.0062694806270885,0,0,0.00122878165386247,0.00254145757984867,0.0187493846585829,0.033314294435563,0
"OTU_159",0.00499167007870832,0.00417666913864967,0.00617950794645651,0.0090365821073493,0.0151186895129699,0.00463750804881801,0.000260012731638885,0.0932689372597905,0.0158338696266788,0.00103648638491294,0.00180120758191937,0.0150304670214662,0.00275684508887038,0.00237235326215936,0.00146554189305119,0.00530528383832945,0.00389021148050068,0.00976772025883699,0,0,0,5.52909488716538e-05,0.000573367610369357,0.0195121951219512
"OTU_16",0.00308847301893648,0.00256561967542676,0.00436211576353543,0.0011203502785633,0.00322541424925533,0.0014182302324199,0.00299979348467571,0.00445584096103022,0.00351545856810031,0.00318924344281761,0.00109365552521552,0.00819961330892271,0.0116347161413599,0.00304509554924501,0.00123912547394004,0.00241893563042044,0.00072776648432445,0,0,0,0,0,0,0.0238183714523191
"OTU_160",0.00212855496021346,0.00118802203948672,0.00126302891300201,0.000367039257889819,0.00379758244149908,0.00276425341337696,0.000555888900773043,0.000933591397954011,0.00223758634306645,0.00199862787073595,0.0035144630270925,0.000856061201752597,0.000405826765053845,0.000842899845593824,0.000822790182820536,0.00142333661236954,0.00128042506263972,0,0,0.00924270506714737,0.0146768784538915,0.0184375212307645,0.00321382964606853,0
"OTU_161",0.000224457666879039,0.000199114365510588,0.000310176569819196,0.000101656699285358,9.35503424443853e-05,0.00013284764001908,0.00121703404620273,6.21413719521704e-05,0.000724481428778784,0.000159049729151748,0,7.76750305840452e-05,0.000168390216015636,8.42476836333059e-05,0,0.000297309963118883,0.000461205757648999,0,0,0,0,0,0,0
"OTU_162",0.000160922517769943,0.000135813121145333,0.000114774279479969,0,0.000140897255411712,0,0,0,0,0,0,0,0.000304180201043874,0.000443101572032662,0.000536173916607401,0.000869727963398804,0.00118554064858728,0,0,0,0,0,0,0
"OTU_163",0.00143652540020112,0.00132061393826237,0.000585453829415452,0.000148261405144486,0.000422660556010847,0.000931686737770727,0.000173449713282651,0.000523884092834399,0.00129618146615598,0.00101745276195666,0.00239842996136893,0.00112864569017481,0.000749222251776756,0.000762542870400182,0.000250151651424497,0.000417877200354436,0.000181144629298483,0,0,0,0,0,0,0
"OTU_164",9.23104981199803e-05,0.000158034524384332,6.57093987445676e-05,0,5.38246459861651e-05,9.57486501711499e-05,0,0.000171921218756303,0.000507105555530413,0,0,0.000224706130742298,0,0.000171933778064782,0,0.000139004284529755,0,0,0,0,0,0.00018812223198748,5.60474969774494e-05,0
"OTU_165",0.00129864171321547,0.0011109833871844,0.000821029002233165,0.000353216794824263,0.000776050169456172,0.000792193764432162,0.000297106549049018,0.00102353728897484,0.000479828268541072,0.00101327132477035,0.000882411083592527,0.00152648424852998,0.00174464799795522,0.00109075174728921,0.00051052851113034,0.0024418547466512,0.00147136859108071,0,0,0,0.000242182900105883,0,0.000278496872116407,0
"OTU_166",0.00249087867072195,0.00140710968606361,0.00217598200313602,0.000807782386801116,0.00226660681619803,0.00119387588890403,0.00146165062014882,0.0058741402984455,0.00442911230254087,0.00180707999207128,0.00225554558078879,0.0038864615556017,0.00112613857054298,0.00110150845645313,0.00400863377178197,0.00638974183057291,0.00783810557012238,0.00598267600563122,0,0.00410710700643801,0.00623663727645375,0.00841145598139963,0.0541509208979287,0.0048780487804878
"OTU_167",0.000767358465896089,0.00049495309241309,0.000298532226074777,4.31810891504429e-05,0.000508066751655855,0.000616422082423566,8.21506394414035e-05,0,0.000137242883652961,0.000723928564518984,0.000985162970776728,0.000214511882491848,0.000250279107085324,0.000791039437657781,0.000428939090649128,0.000224109369313381,0.000191408424178993,0,0,0.000437502734396791,0.000759969424834238,0,0.00113057535062088,0
"OTU_168",0.00222215039788097,0.00165163860685827,0.00123805602701478,0.000317843489124214,0.000608147255713985,0.000343320267625778,0.000130006365828947,0.000186514523304873,0.000663068798380055,0.00206424361430116,0.00290699480005332,0.0019858891511044,0.000738692770181468,0.00163235280568169,0.000303828504249866,0.000429044989985975,0.000455135245741953,0,0,4.01043120726473e-05,0.000195741535137925,0,0.000848873862015372,0.0048780487804878
"OTU_169",5.10522054460829e-05,0,0,0,6.21138468093526e-05,0,0,0,0,0,0,0,0,7.5155332723761e-05,0.000232342008626856,0.000304917471634332,0.000136501433023979,0,0,4.73961295593646e-05,0,4.34428883991691e-05,0.000126370786108187,0
"OTU_17",6.43618562942056e-05,0,0,0,0,0,0,0,0,0,0,0,0,0,0,0,0,0,0,0.000277037852061817,0.000571369704103347,0.000948213571996252,0.00026153592057909,0
"OTU_170",0.000208159482945395,8.80798230546974e-05,0.000133843684840579,8.80613386060366e-05,9.67732252593153e-05,0.000137931565078089,0,0,0,0.000193969494909699,0.000260081268895055,0.000145429808222348,6.38822195601558e-05,0.000236991798022647,0,0.000150060551568385,0.000142623775082655,0,0,0,0,0,0.00203888797429116,0
"OTU_171",0.000149511367299735,7.98275763678503e-05,5.5090122893558e-05,0,8.34271030488341e-05,9.58229368041313e-05,0,0,0,0,0.00022996716584066,0,5.68953586638627e-05,0.000135080105008693,0.000178724621105064,0,0.000103849123627896,0,0,0,0,0,0,0
"OTU_172",0.00108185130901806,0.000946329100088586,0.000937139153403681,5.26480537702776e-05,0.000528909727490471,0.000618060595725703,5.75836616402452e-05,6.16595701839526e-05,0.000144578711632854,0.00164081609698809,0.00123301221307648,0.000388181470245198,9.72695701045505e-05,0.000996736386967176,0,0.000316012443725858,0.000225610941552483,0,0,7.87313802848943e-05,0.00029074500854717,0,0.000115802266371898,0
"OTU_173",0.00211076291515724,0.00190887658897836,0.000512755718514343,8.29283801054274e-05,0.00283638519509452,0.00445791219909299,0.000704373281265352,0.000100422546590731,6.15200386437096e-05,0.000808970927412222,0.00108537346992564,0.00013806096435836,0,0.000253225387309184,0.000196598477772002,0.000216970835255586,0.000182197592916721,0,0,0,0,0,0.000245815833518875,0
"OTU_174",0.000247737377361214,0.00032742326056583,7.07845872372164e-05,4.63230420501081e-05,0.000437058245376501,0.00040876636148222,0.000160797247984886,0,0,0.000179421838041657,0.000232840604851519,0,6.83234205122322e-05,0.000177479030981936,0,0,0.000121260293051687,0,0,0,0,6.48212773679127e-05,0.000178188040274245,0
"OTU_175",0.000126994640690514,0.000107849044376244,0.000126034112710509,0,8.32719430422427e-05,0.000131242324454445,0,0,0,0.000425864820237548,0.000405881778962285,0,3.7921018103494e-05,0.000113825716699246,0,0,0,0,0,0,0,0,0.00019233939540066,0
"OTU_176",5.13957198079944e-05,7.82400859412987e-05,0,0,0,0,0,0,0,0,0,0,0,0,0,0,0,0,0,0,0,0,0,0
"OTU_177",0.00129425691992441,0.00138570137780757,0.00045878638027286,0.000180401359815667,0.000584450042017911,0.00205908212184353,7.62106211750747e-05,0,0,0.000691733408054611,0.00162779234849143,0.000228206937754615,0.000121346731650721,0.000405497271391782,0.000679153562310274,0.000677513803545756,0.00104128829821327,0,0,0,0,0,0.00032968840297557,0
"OTU_178",0.00394570498820573,0.00268494523978894,0.00150995300231293,0.000550470995653356,0.000405487976666983,0.000489041104267027,0.000203563947076932,0.00131358999692647,0.000502855973566902,0.00139352630476434,0.000601570897654006,0.000962256048667194,0.000432220570861515,0.00112481686230195,0.0016766813578166,0.00289186436285598,0.00246197018093605,0.0166495323496739,6.01175529676417e-05,0.454130768096137,0.211132989573987,0.00890235518788964,0.00105422965153587,0.00487862078311868
"OTU_179",0.000313714059304661,9.98620368255173e-05,5.60224209653182e-05,0,9.95141617764872e-05,0,0,0,0,0,0,0,0,0,0,0,0,0,0,0.000155482057572309,0.000210196693723438,6.71390093441704e-05,3.83263423086333e-05,0
"OTU_18",0.000935416427739529,0.000455459153578364,0.0019276580957452,0.000178843488852338,0.00187329953131451,0.00146270115847107,0.000354155013134274,0.000320431728818713,0.000941733142676109,0.000977395602142179,0.00287742776410356,0.000537583478869211,0.00220322417864354,0.0023007399767909,0.00198384329439024,0.00180933306144898,0.00182919029255427,0,0,0.000105729827478088,0.00015868624510181,9.87376473584418e-05,0.000255708478341862,0
"OTU_180",0.00191836168225029,0.00190200071497978,0.00071270980928109,0.00015730253909004,0.000877655188966359,0.00205266814429226,0.000201726035366037,6.69529754609889e-05,0.000667187713657268,0.00185626337075867,0.00275788455607537,0.00118358973152042,0.000333704959309177,0.00103285139906976,0.000214469545324564,0.000406628035751458,0.000291196961838466,0,0,0.000215105648798599,0.000424448906728559,5.52915315449025e-05,0.000982933720140909,0
"OTU_181",0.000126190809927168,0.000198393722953437,4.04027610425436e-05,0,8.73180130922283e-05,0.000279516952249883,0,0,0,0.000171454772138961,0,0,0,0,0,0,0,0,0,0,9.42459238638063e-05,0,0.000125166531010038,0
"OTU_182",0.000349108271077647,0.000306189911992343,0.000331203061865807,0.000150537156055296,0.000754160967688817,0.000328835626580052,0,9.56463627291688e-05,0.000305415040748002,0.000195081458097896,0.000290234091544853,0.00025348846588146,0.00014225226546077,0.00017317878091153,0.000467627061920801,0.00115562035226383,0.000441535001349183,0,0,0.00010937567473175,0.000266259257181101,0,7.74448135633033e-05,0
"OTU_183",7.94848052960347e-05,9.00069443705706e-05,4.20550617383937e-05,0,0,6.96520097586885e-05,0,0,0,0,0,0,0,0,0,0,0,0,5.08689534392806e-05,0,0,0,0,0
"OTU_184",0.000207483880177189,0.000167304607460324,6.11220678248704e-05,0,0.00011036406427002,0.000142205437456292,0,0,0,0.000228015745654346,0.000448229159383334,0,0,0.000198106099505994,0.000240864997749693,0,0,0,0,0.000145834244797363,0.00025357886990174,7.4654824136955e-05,0.00175604148063637,0
"OTU_185",0.000429792056385324,0.000195872035868217,0.000162507806647188,8.58159398662951e-05,0.000650570626236127,0.000217788596177112,7.28572639934737e-05,0,0.000745154456758561,0.000261839942848919,0.000387094856286216,0.000207327492271738,0.000168776184595995,0.00030645068535113,0.00491864260822765,0.0042730933658186,0.0047080217289885,0,0,0.000237280263180348,0.00207745432958975,0.00254306717003862,0.000712093634840166,0
"OTU_186",0.000117837231560568,9.460360604245e-05,0.000169272047467849,4.94512288676469e-05,0.000138510563888652,0.000272215681105216,0,0,0,0,0,0,0,0,0,0.000188826749773793,0.000182826428285997,0,0,4.01044172267317e-05,0.000159493124070283,0,0.000107909885266709,0
"OTU_187",7.84732856675704e-05,8.52889977496336e-05,0.000110391054975534,0.000190272860093019,0.000172984574867066,5.61734050844523e-05,0,0,0,0,0.000289499906185111,7.35622764278269e-05,0,0.000162035924989235,0,0,0.000154102816042733,0,0,0,0,0,0.00031745033384722,0
"OTU_188",6.56726948962357e-05,5.22668387492861e-05,0.000100085438090887,0,0.000113817710894676,7.65790247795663e-05,0,0,7.57489985613459e-05,0,0,0,0,0,0,0.000223888802199374,0,0,0,6.08836826023764e-05,0.000239239654581178,0.000157977569317774,8.31539415627449e-05,0
"OTU_189",9.94534120138726e-05,8.62610706275093e-05,6.99690974468924e-05,0,7.90764711858616e-05,0,0,0,0,0,0.000289728248411098,4.5731777182193e-05,0,0.000157379637092545,0,0,0.000160753801664162,0,0,0,0,0,0.000293122299491441,0
"OTU_19",0.0439292577084765,0.0474303881973083,0.0314271712608007,0.00429166555936712,0.107296590811834,0.055511819934727,0.0157174633187935,0.0101234859836956,0.032055797717669,0.0371606412383601,0.0829039156937385,0.0122698619819283,0.0275999519914372,0.040259293777378,0.0780564880765873,0.0179581759762313,0.00959655904256466,0.0297602837262925,0.000138732978366572,6.19795540386578e-05,0.000340735263182886,7.89870698166408e-05,0.00038826108798812,0.0439024390243902
"OTU_190",0.000152870455263907,0.00018595458132634,6.7393750527486e-05,0,0,0.000146275401267441,0,0,5.22670634542744e-05,0,0,5.23132709095542e-05,0,0,0,0.000140406988359408,0.000139650076345118,0,0,0.000199958038888065,0.000332780983469699,0,0.000132531804429608,0
"OTU_191",0.000103154115272168,8.75266001601761e-05,0,0,0,0.000220438228739177,0,0,6.16994140359353e-05,0,0,0,0,0,0,0.000117337908100251,0,0,0,0,0,4.34429077183118e-05,7.39904449430504e-05,0
"OTU_192",0.00841839845318004,0.00535199948268794,0.0230980153512322,0.0161032305689543,0.00255189022545333,0.00562290882121246,0.00328375715584036,0.0481452484821869,0.0440336258000257,0.00646446898279298,0.00374287574011583,0.0356857402519439,0.00331603543073675,0.00424478575822297,0.00201959374056742,0.00464469238311943,0.00458450691341225,0.0148607350380648,6.04266089026061e-05,0.00263944532199452,0.00268963367336228,0.000359391167665899,0.0258833974718987,0.0146341463414634
"OTU_193",0.00307706516842513,0.00388924851633667,0.00138598883588029,0.000218996724898429,0.0013559917403985,0.0013131146258318,8.51765844555394e-05,0.00010097460089454,9.71956444436144e-05,0.00836362991783814,0.0153880315839821,0.000577303350185074,0.000607168939634879,0.0022022374127931,0.000872406249824157,0.00108165579689948,0.00146309441536083,0,0,0.000153728258661273,0.000658474375353084,0.000199754079306923,0.00313543369427956,0.0048780487804878
"OTU_194",0.00020328320601519,8.01426348135257e-05,0,0,0.000319211879413004,0.00015074705066746,0,0,0,0,0.000452573148292635,0,0,0,0,0,0,0,0,0,0,0,0,0
"OTU_195",0.00383200117417894,0.00488036519451912,0.000747346387189376,0.00021114849415534,0.00567637752299573,0.00540082639584322,7.18118568756043e-05,0,5.22159610198819e-05,0.00147324043474331,0.00209717236128728,0.000106643508288715,9.14178889947116e-05,0.000269507228878577,0,0,0.000191103230632062,0,0,0,0,0,0.000531212896469673,0.00487054263240128
"OTU_196",0.0032846772767024,0.00319601892757727,0.00410313080605791,0.000625703445063098,0.00589969007339343,0.00746025320557716,0.000733631056658559,0.00033514302746256,0.00162037655137218,0.0021885094360938,0.00560158809558556,0.00151558672899555,0.000606800162561146,0.00166576188547685,0.00180511748808764,0.000948797206517996,0.00076182062313885,0,0,0,0.000144911846365629,0.000218874179913563,0.00318528182608003,0
"OTU_197",0.00318156742999218,0.00289592639801764,0.00165855827789353,0.000685566447213753,0.00163061379741996,0.00373275566535971,0.000393528626353765,0,0.000308388221898799,0.00212321319172981,0.00426067171411504,0.000331366543340585,0,0.000234560277582795,0,0,0,0,0,0,0,0,0.000343117447976357,0
"OTU_198",0.000161183138100151,0.000216805830653453,0.000107142270046259,5.01293456553407e-05,0.000141445269408257,0.000282810589345688,0,0,0,0.000253237196166797,0.00032166607124142,0,0,0,0,0,0,0,0,0,0,0,6.26062759552796e-05,0
"OTU_199",0.00329248549271993,0.00218543639856629,0.00122678565910014,0.000317689531234553,0.00253352631574214,0.00307876204474286,0.000954010231223044,0.000650292195872708,0.0017935820118207,0.00163199799628123,0.00133169714943696,0.00124108051697674,0.00082627732830759,0.00126478559121261,0.000947237038841541,0.00118594195980192,0.000855408639630194,0,0,4.3750273439209e-05,0,0.0019114885780354,0.00186566626903844,0
"OTU_2",0.0028681204223849,0.0017028921440258,0.00894801740731888,0.00160658387456128,0.00014487380785497,6.9976443158637e-05,0.00148479304908822,0.00069411281957584,0.00700974401764945,0.00344302776261904,0.00125760815091327,0.00072818959968544,0,0.000310921827743302,0.000216209955908688,0.000186933660259469,9.98158608732742e-05,0,0,0,0,0,0,0
"OTU_20",0.000925761395232133,0.000680460570398013,0.000184989126689161,9.56152688331236e-05,0.000186244206978073,0.000460561544352329,0,0.000129698036356141,0.000264538700761445,0.00048171088312387,0.000310051028858439,0.000197266041178953,4.92973235345423e-05,0.000120853597884825,0,0.000440515102798596,0.00029115968411066,0,0,0,0,0,0,0
"OTU_200",8.5501468326054e-05,0,0.0054820649467681,0.00448414639679177,0,0.000237221956264889,0.00168609272997004,0.00356807245953836,0.00315120133817256,0.000203694036663083,0,0.00355354175691222,0,0.000330268930296382,0,0.000171586425270774,0.000148278178944701,0,0,0,0,0,0,0
"OTU_201",4.75635800969485e-05,6.14255200446329e-05,2.99447203273301e-05,0,0,0,0,0,0,0,0,5.39617503944625e-05,0,0,0,0,0,0,0,0,0,0,0,0
"OTU_202",0.000150191886284056,9.48126076719451e-05,7.85484357984027e-05,0,7.14521807180872e-05,6.24508853276429e-05,6.81067733478179e-05,0.000136936821256159,0.000455431939268817,0.000152616760005258,0,0.000440402882418241,5.61898228890341e-05,9.0759292664064e-05,0.000251142061276098,0.000732389698400209,0.000573908954409436,0,0,0,0,0,0,0
"OTU_203",0.010982601630317,0.00662763560736395,0.00787995973847842,0.00565625489719719,0.00473986531532438,0.0111124134485441,0.00186536013702076,0.000481914026727702,0.00136327171897823,0.00703607482327822,0.00972490158129747,0.000950456323043366,0.000261647837293798,0.00385933454026343,0.000325780535665099,0.000203314772578156,0.000346480468407361,0,0,4.36159378229554e-05,0.000143942865223883,0,9.47759307639948e-05,0.0048780487804878
"OTU_204",0.000906661136692379,0.000614835204812202,0.000898231429747191,5.24341796826807e-05,0.00478684379668588,0.00126005054848522,0,0,5.67877981950945e-05,0.000470614600257718,0.00129860065785786,0.000212982744111001,0.00105419951305583,0.00044080112048801,0,0.000350151920752715,0.000218402205862279,0,0,9.47732999793692e-05,0.000324481175642086,0,0.000631854074665113,0
"OTU_205",0.000418159653045638,0.000380137959188945,0.00022985116264748,6.13386901263108e-05,0.000531345102274192,0.000372390327691855,0.000152952266818584,0.000291453001948981,0.000128190313015144,0.000283947094536408,0.000371375324609489,0.000326495743252819,0.000114383958725336,0.000321438915341374,0.00292444038156179,0.00644303115022044,0.00664003355310954,0.00629096730839754,0,0.00011867141396983,0.000266296891682244,0.00302221952129599,0.0791156970184655,0
"OTU_206",0.000498479551527458,0.000292534634525711,0.000215306627907644,3.56771927493019e-05,0,0,0,0,0.000110028031539947,0.000390986123125864,0.000374390590854315,9.97110792414803e-05,0,0,0,0,0,0,0,0,0,0,0,0
"OTU_207",0.000697826279514011,0.000743850062631898,0.000575067277277007,0.000401592920350882,0.000157452960139673,0.0002105280619167,0.000511237887800008,0.00141010802812531,0.000985397113191901,0.000399740266726554,0,0.00164339485441914,0.000481563846893658,0.000798671209967297,0.000351689633286986,0.000681173312926581,0.000248752783670231,0,0,0,0,0,0,0
"OTU_208",0.000102048427172496,4.79371697807759e-05,0,0,0.00030643987479345,0.000264730457138275,0,0,0,0,0,0,0,0,0,0.000112952232500875,0,0,0,0,0,0,8.62314223848164e-05,0
"OTU_209",0.000763732379133518,0.000355420221401605,0.000206102369444482,5.75274868595978e-05,0.000104354289804616,7.12239733681531e-05,0,0.000210419927852626,5.67855485025391e-05,0.00057273054164209,0,0.00014987371419958,7.2049935770916e-05,0.000414585097958154,0.00117914473983561,0.000836735191294802,0.000227502603199441,0,0,0,0.00021023664730466,0.000233020757995717,4.31462406740115e-05,0
"OTU_21",0.000120432848092342,5.75376265379063e-05,0.000161086142421446,0,0.000147074104154957,0.000158762873761505,0,0,0.00011651506522776,0.00014692566352912,0,4.66859938370413e-05,0,0.000901708359981177,0.00035916840993427,0.000122043341129317,0,0,0,0,0,0,0,0
"OTU_210",0.000347533195347552,0.000518121258117134,0.000111167875865046,3.73146513709902e-05,0.000319457305217574,0.000348909085998673,0.000190013414108044,0.00010660252343222,7.86293152506375e-05,0.000140708454899375,0,4.00467610818765e-05,0,0,0,0,0,0,0,0,0,0,0,0
"OTU_211",0.000173982851246672,0.000215055604016522,8.35196783061768e-05,5.55770818639736e-05,0.000114927049239402,0.000120124295763605,0.000116557590758753,0.000167419833412762,8.99846289999257e-05,0,0,0.000125872546572851,7.2219004365163e-05,0.000214861194185274,0,0.000193080851347599,0,0,0,4.01044181200647e-05,0.000160526399985285,0,9.50741840318957e-05,0
"OTU_212",6.68129460187379e-05,6.40716185368182e-05,3.64064075561675e-05,8.03443707248286e-05,8.70589022964169e-05,6.77442090545147e-05,9.41441453802687e-05,5.73882602748898e-05,0,0.000148989671758936,0,0.000116070870481852,0.000217967688682871,0.000918749127910005,0,0,0,0,0,0,0,0,0,0
"OTU_213",0.00351709094367353,0.00224236297331386,0.00197440891422863,0.000915846059257812,0.0022875029827164,0.00121399148712962,0.000192768060103867,0.00163977646583697,0.000754186590050676,0.001405323953424,0.0018687841653125,0.00214631708675702,0.00294299901845936,0.00352307630413193,0.00141764705530015,0.00189629681019919,0.00246478949100978,0.0079267158651869,0.00019965617195439,0.00034693010282785,0.00160941760546266,0.000343618181657048,0.00163120324338235,0
"OTU_214",0.00302250995286311,0.0031760468496144,0.00278885158414377,0.000339274807116826,0.00238857390976316,0.00275794099538536,0.000412444201741968,0.000648671180309116,0.000804009821325819,0.00362752435916123,0.00703305513185032,0.00140064731794201,0.00189203967940729,0.00254096943153122,0.000750643408635974,0.000700308106263581,0.000595213494079266,0,0,8.38546915482773e-05,0,4.34428883991595e-05,0.00463578704304975,0
"OTU_215",0.00823786715010613,0.000149065332066962,0.000192977765568183,5.6519201146558e-05,0.000174130052901495,0.000679806504462205,0.00078620284155597,7.17716426090794e-05,0.000435077984852436,0.00474975858474706,0,0.000179008870717624,0.000225803158652863,0.000152343745668414,0,0.00025699912457626,0,0,0,0,0,0,0,0
"OTU_216",0.000547438395280401,7.48165493945506e-05,0.00023914155955489,6.20856919285526e-05,0.000100695892956081,0.000308976946831272,0.000655791648051286,7.16183566460315e-05,0.000253880082313947,0.000941836799230975,0.00036793115496727,0.000107327565504122,0,0.000136782541916869,0,0.000374817095640414,0.00018256260109924,0,0,0,0,0,0.000147946352170486,0
"OTU_217",0.000192140523795666,9.58219013644509e-05,0.000131440019416618,0,0.000164257904843521,0.000117458853391487,0,0,0.000120634661711064,0,0,0.000110312097654497,0.000230199913490808,0.000258367695137127,0.000831762428307704,0.00139308981938171,0.000503002644511607,0,0,6.92712662790145e-05,0.00018287780459915,0,0,0
"OTU_218",4.88997559362242e-05,0,0,0,0,0,0,0,0,0,0,0,0,0,0,0,0,0,0,0,0,0,0,0
"OTU_219",0.00219393060513002,0.00177014438002104,0.00137872896341517,0.000444152774978789,0.00182692746087821,0.00980737572921897,0.000592890060022528,0.00172809870616669,0.00123802604682174,0.00568568975879969,0.00475024140577744,0.002180280048035,0.000359285177582385,0.00102209582296819,0.00405148298134886,0.00956926346871444,0.00938998928325414,0,0,0,0,0.00310935532584584,0.0212050294526136,0
"OTU_22",0.00372063419827851,0.0024482650476188,0.00247983968855852,0.000433578986121294,0.00182569191573869,0.00224824714340851,0.000986318004203955,0.000434120905149548,0.00135115973743335,0.00182942436581335,0.00303276309338897,0.000588080020360531,0.0103591200652785,0.0165912608308235,0.00829583127969282,0.000822734453928771,0.000302832389530554,0,0,0,0,0,0,0
"OTU_220",0.000280556649502353,0.000162344059245679,0.000197332964528789,4.32819629442413e-05,0.000108760327533439,0.000176714538805726,0,0,0,0.000202435426675268,0.000305355258351627,6.63755130682819e-05,0,0.000337136197744205,0,0,0,0,0,0.000129991161235329,0.000185799659450208,5.49108354718679e-05,8.91894065800653e-05,0
"OTU_221",6.12732526204701e-05,6.25680404681173e-05,2.89711653591888e-05,0,0,0,0,0,0,0.000149244080409991,0,6.19447865520051e-05,4.18488915619409e-05,0,0,0,0,0,0,0,0,0,0,0
"OTU_222",0.000183178283235493,9.93043898768346e-05,0.00012824096873327,0,0,0,0,0,9.43998021814353e-05,0,0,4.51562317773993e-05,0,0,0,0,0,0,0,0,0,0,7.72962285740994e-05,0
"OTU_223",7.30988174838524e-05,6.024817227927e-05,6.5291796690681e-05,0,0,0.000182972969627168,0,8.64781843917424e-05,0.000512954635706642,0,0,0.000124705926470163,4.425495600232e-05,0,0,0.00020446766344755,0,0,0,0,0,0,0,0
"OTU_224",0.000284086102289305,0.000271615339545895,0.000104751113484471,0,0.000257485148598208,0.000141656728163416,9.42967600242667e-05,0.00012452377401891,7.09578841260604e-05,0.000191033812046019,0,0.000136756289182786,0,9.02343402456372e-05,0,0,0.000145601506707066,0,0,0,0,0,0.00105917945099573,0
"OTU_225",0.000886542139330759,0.00107290117546357,0.000287925481569654,0.000163415743355073,0.000890630390646477,0.00111898489627191,0.000255390645678569,0.000242664918164728,0.000342662150650919,0.000497185664565157,0.000988597610732878,0.00034695928825523,0.000326623973232852,0.00096254311536764,0.000336544431883371,0,0,0,8.31480583680032e-05,0,0,0,0.000168898207279335,0.0048780487804878
"OTU_226",0.000160261007005035,0.000139920461561226,0.000106123194893041,0,0.000164042149192559,0.000121910538898566,0,0,8.51838365344811e-05,0.000213874705084891,0,7.50850893840717e-05,7.05042429024083e-05,0.000120864501476995,0,0,0,0,0,0,0,0,0.000110946091088842,0
"OTU_227",0.00027498923569526,0.000169210749578932,0.000202677974083703,0,7.32757446386791e-05,0.000109337008235433,0.000217685308465893,0.000943317272481667,0.000694749851433109,0.000367497461030176,0.000281031046200965,0.0011897945044366,0,0.00021812428072755,0,0.000201227819310284,0,0,0,0,0,0,0,0
"OTU_228",0.0019967564675776,0.00144549690424334,0.00142359660854787,0.000299180209041078,0.00237786318087634,0.00101824238226185,0.00010773901612101,0.000105211810503965,0.000283933673576512,0.000504229928847791,0.000795002327144728,0.00113235635440575,0.017443129049644,0.0129666242615329,0.0288374222586893,0.00599487012756035,0.00746577697273292,0,0,0,0,0,0.000181843741995666,0.0048780487804878
"OTU_229",0.00198463318891306,0.00130687086241404,0.00161966385255535,0.0003910982073719,0.00120523878991869,0.00090172436469255,0.000318293176438939,0.00148602643698871,0.00130279034882216,0.00320088739102343,0.00114356937027403,0.00148004080909802,0.00169987512456036,0.00183453114791397,0.00331012205546441,0.00400839637932258,0.00325139459155353,0,0,6.92713265773964e-05,0.000356657123744664,0.000154024786172698,3.39141969065661e-05,0.0048780487804878
"OTU_230",0.00032256395763506,0.000216664642053191,0.000174432477768136,3.77649777767889e-05,0,0,4.53899294939795e-05,7.48522378129822e-05,0,0,0,8.60448339833097e-05,0,0,0,0,0,0,0,0,0,0,0,0
"OTU_231",0.00212847566171306,0.00173476272303071,0.000482384865835619,0.000129536171435337,0.0197059763336759,0.00807627601853019,0.00025199179844332,0.000157644825808144,0.000577298248018149,0.00167996572014192,0.00375118769964973,0.000982534420646446,0.00155100873230865,0.00311721426792997,0.00275261032336998,0.0042693452757542,0.00203676149349907,0,0,0,7.97465509616709e-05,0,8.01375900777335e-05,0
"OTU_232",0.000170865141245531,0.00030562729529338,0.000155422816228223,7.24357924106379e-05,6.29081877563396e-05,7.86286746325365e-05,0,0,0.000132780577876183,0.000195900017090377,0,0,0,0.000168592716311036,0,0,0,0,0,0,0,0,0,0
"OTU_233",0.000342558917428485,0.000337344530439578,5.00987626171773e-05,3.99264385324394e-05,0.000174217820644488,0.000156877587732494,6.37153353931235e-05,0.000137299434618438,0,0.000207049046957935,0,0.000114581790075949,0.000663236658038684,0.000167263324914569,0,0,0,0,0,0.00158842879577503,0.00271546960710472,0.00472628524392044,0.000794794974237258,0
"OTU_234",4.69265701276805e-05,7.14272584308296e-05,0,0,0,0,0,0,5.91783848701492e-05,0,0,0,0,0,0,0,0,0,0,0,0,0,0,0
"OTU_235",4.13492759043485e-05,0,0.000647325241075235,0,0.000242739365757183,0.000224858280657904,0.00012445144576031,0.000459516772504705,0.000940068410213472,0.000264900948693908,0.000232976664561715,6.36834629443552e-05,0,0.000166081632202832,0,0,0,0,0,0,0,0,0,0
"OTU_236",9.39569905145532e-05,0,0.000200536403850656,0,0,7.53655784712126e-05,0,0,0,0.000116083768833512,0,0.000103930773737146,4.18723637351536e-05,0.000116826301020454,0,0,0,0,0,0,0,0,0,0
"OTU_237",0.000263618988586456,0.000324360995189915,0.000126419319867963,4.51963527266118e-05,5.21456412550348e-05,0.00027256676459843,0.000271897656405897,0,0,0.000175500320255722,0.00051379644372218,0,0,0.000110070362018317,0,0,0,0,0,0,0,0,0,0
"OTU_238",0.00106219457369349,0.000829206084444336,0.000898958824014826,0.000169639962130025,0.000824636340250623,0.000456128187295702,0,6.69340258094154e-05,0.000231883504942769,0.000235307300128812,0.000833444510865187,0.000418194348530738,0.0145576586929015,0.00662443897808077,0.0079936294704992,0.00257318203757346,0.00241864940651986,0,0,0,0,0,6.1644300059795e-05,0.0048780487804878
"OTU_239",0.000237645681661991,0.000120591041155518,8.70634837158365e-05,0,0.000114567864067199,0.000216965996240727,0,0,0,0.000288827570169525,0,0,0,0.000106655590509442,0,0,0,0,0,0,0,0,0,0
"OTU_24",0.000239421306938845,0.000222201924428227,0.000193657706173806,0,0.000132670770706166,0.0002483867237194,0,0,7.09847477438681e-05,0.00013035582999979,0.000251967283017405,7.89063578794952e-05,0.000508141642447231,0.000312826601771418,0,0.000214609241751663,0.00010920110293114,0,0,0,0,0,4.62332250448462e-05,0
"OTU_240",6.04891119179783e-05,0,5.24601854988707e-05,0,0,0,0,9.22442801779122e-05,0,0,0,4.92459891859517e-05,0,0.000529978500265244,0,0,0,0,0,0,0,0,0,0
"OTU_241",8.7922016819683e-05,5.48783060420874e-05,0,0,0,0.0001133717793898,0,0,0,0,0,5.07055620167167e-05,5.50999942220712e-05,0.000466414769615173,0,0,0,0,0,0,0,0,0,0
"OTU_242",0.000168751965601008,0.00012532815003724,0.000211807902392862,3.58097106686008e-05,9.80730072904861e-05,0.000109061358427508,6.92870461314315e-05,0.000211777866312055,0.000120406774887033,0.000140289923299889,0.000356234292000197,9.44941706675565e-05,3.84714678868105e-05,0.000108060013758473,0,0,0,0,0,0,0,0,0,0
"OTU_243",4.86388143912248e-05,6.31704374684668e-05,0,0,0,0,0,0,0,0,0,0,7.05032846645059e-05,0,0,0,0,0,0,0,0,6.03183852644767e-05,0,0
"OTU_244",0.00221804229902139,0.00131098952753048,0.00392277597642149,0.000108083793143341,0.00275085457915952,0.00166244164568918,0.000206396724312527,0.00015108580875963,0.000988481954117145,0.00192046864275495,0.00369958746208236,0.000295270729101212,0.000197983538537619,0.000583314536046803,0,0.000136081722641436,0.000182001281486814,0,0,0,0,0,0.000242251228226098,0
"OTU_245",3.92494203184525e-05,0,0,0,0,0,0,0,0,0,0,4.73439642059395e-05,0,0,0,0,0,0,0,0,0,0,0,0
"OTU_246",0.000100473898172245,0.000119607116246581,4.71346694280829e-05,0,0,0,0,0,0,0,0,8.23269739407088e-05,5.89957935541989e-05,0.000320874985558739,0,0.00036599978652051,0.000152865378995307,0,0,0,0,0,0.000635468161002405,0
"OTU_247",4.83941369381176e-05,0,3.96652071093095e-05,0,0,8.03727169984999e-05,0,9.73530033714607e-05,0,0,0,0,0,0,0,0,0,0,0,0,0,0,0,0
"OTU_248",0.00213525852689717,0.00180393961308356,0.00203126273512183,0.000187769493928058,0.000782109040037202,0.00161671358149774,0.000370517160174266,0.000125298777425668,0.00016763254404342,0.00195091359068282,0.000972512744006305,0.00042703136682884,0.000414116649497524,0.00257004563497895,0.000338350460221597,0.000262651958848971,0.000393691046226162,0,0,0,0,0,4.49461651316643e-05,0
"OTU_249",0.000585553767377297,0.000214958069382306,0.000277093499997585,0.000250670319609396,0.000446107959516546,0.000411259295817073,0.000359133515073484,0.000348581636121238,0.000899737059570873,0.00052836231523774,0.000581462963938015,0.000770024873485985,0.000475488703328695,0.00090506764612582,0.0376056069856955,0.0304325425239989,0.0504281614667896,0.0145775117267333,0.000538378303707198,0.000749989805738574,0.00281276220069993,0.00800272277160451,0.037414747939493,0.0048780487804878
"OTU_25",0.00605844685083245,0.00062301638610234,5.80080501749903e-05,5.448437215818e-05,0.00018112720025451,6.77567149125099e-05,4.497469140949e-05,0,4.73231651629178e-05,0.00190333773833214,0.000251967282826758,7.89677346780348e-05,9.10104869337508e-05,0.00010151901473455,0,0.00011631665608003,0.000109324527995643,0,0,0,0,0,0,0
"OTU_250",0.000204162257091028,0.00020676702141798,0.000169766443760525,8.8969657527475e-05,0,4.86397348364977e-05,0.000377159581462851,0.000478394133440182,0.000434032124734028,0.000223824268618689,0,0.00054477581110482,0,0.000159460921777004,0,0.000247582412280274,0,0,0,0,0,0,0,0
"OTU_251",0.000543425036865993,0.000338448659782704,0.000331481561393831,0.000181977447134009,0.000399669106654513,0.000363577563271798,0.000228627286672929,0.000278150922749239,0.000538126326697779,0.000568995496898172,0.000465185495274412,0.000885297344835265,0.000643161595927575,0.000933591207786079,0.301522192842676,0.233218116044115,0.263518151969084,0.0341197344009997,0.000347582860087352,0.0066160835138056,0.00991392986191046,0.0125574675553825,0.0123898408274542,0.0292682926829268
"OTU_252",0.000247708912814754,0.000103892290477848,0.000178965075847341,0.000126458903936327,0.000208212090019788,0.00021225763722371,0.000197259521513593,0.000152992495155021,0.000302239926727257,0.000324873723517569,0.000466230010493836,0.000378830514655768,0.000455442359054412,0.000440793096133453,0.0173160536614568,0.0158866264517333,0.0155243930237211,0.00425312677321008,0.000348420381493534,4.36095459964615e-05,8.68775470777258e-05,0.00175844439776491,0.00202370483599597,0
"OTU_253",4.60521527184944e-05,0,7.00123370210373e-05,0,0,6.77297110864949e-05,0,4.78235502464939e-05,0.000170363394585283,0,0,0,0,0.000113755127867873,0,0,0,0,0,0,0,0,0,0
"OTU_254",5.31248499861952e-05,9.68083929478772e-05,0,0,8.47639067854011e-05,8.10736583777265e-05,5.28696721654758e-05,0,0,0,0,0,0,0,0,0,0,0,0,0,0,0,0,0
"OTU_255",0.00185312019341324,0.00199393447894489,0.000653566978903649,0.000169762598162384,0.00231539070151406,0.00156673071871229,0.000830709183573755,0.00114737701561897,0.0012625154351344,0.00200625578069458,0.00142229274585658,0.000737576826947269,0.000147891971033756,0.000581215535696441,0.00057191878753217,0.00065557100052325,0.0003980948070567,0,0,0,0,0,0,0
"OTU_256",0.000267202800624423,0.000225648283843032,3.21803728567383e-05,0,0.000648298634451819,9.93090648187246e-05,8.58530135520737e-05,0.000127215105083289,0.000199107636923551,0,0.000264700012057999,7.76238303370453e-05,0,0,0,0,0,0,0,0,0,0,0,0
"OTU_257",0.00498323950183165,0.0041465071152337,0.000794671082052036,0.000462426017975233,0.000713456193123115,0.00122881363711817,0.00274102026337814,0.000181079513090701,0.000388058208607361,0.00539765778701667,0.0032571945885002,0.00278739432415751,4.92973235346561e-05,0.000841427257691611,0,0.000146837901785516,0.00018196001422912,0,0,0,0,0,6.16959749109733e-05,0.0146341463414634
"OTU_258",7.45738496983684e-05,0,0,0,0,0,0,0,0,0,0,0,7.73733512397819e-05,0,0,0,0,0,0,0,0,0,0,0
"OTU_259",0.000121050760075946,8.77455129324555e-05,7.6434456487819e-05,3.39288072177271e-05,0.000130150661208333,5.38096327252938e-05,0,0,0,0,0,5.36647754143209e-05,8.46997424525786e-05,8.55302146908921e-05,0,0,0.000235012181590254,0,0,0.000306256615112418,0.000823620574778041,7.09106796094143e-05,0.000490056012091082,0
"OTU_26",0.00400992300707555,0.00360189801192613,0.00543248684026969,0.000330680846667172,0.00539795728714675,0.00484331825814912,0.000531350932164185,0.000267302119335504,0.00295052424452875,0.00210271064333062,0.00503522402471046,0.00105191126916527,0.000602908165090685,0.00212832463440247,0.000626877477110053,0.000987934014731028,0.000657627116549978,0.00594640522738299,0,0,0.000210240907085706,6.71390396404011e-05,0.000604157459221489,0.0048780487804878
"OTU_260",0.00028854849103527,0.000133878625145233,0.000124013900796614,0.000176441056260654,0.000161686397929374,8.58062675404914e-05,0,0.000138688382477852,0,0.000212896719289837,0,5.52344251538381e-05,8.7329431477341e-05,0.000384863212042507,0.000214469545287917,0.000549211000284568,0.000546027257413512,0,0,0.00014939880543037,0,0,0.000172103263502168,0
"OTU_261",4.20068482468071e-05,0,0,0,0,0,0,0,0,0,0,0.000132830485124805,0.000374602059093213,0,0,0.000191461839582432,0,0,0,0.000267567698974093,9.64302721891591e-05,0,0,0
"OTU_262",0.000661228518803593,0.000518610128656976,0.00138411112804978,6.95559126121966e-05,0.0013062065063689,0.00317513241873127,0,0,0,0.000770028962192588,0.000688020129857672,0,0,0.000661031848776107,0.000232342011001871,0,0,0,0,0,0,0,0.000136327909370141,0.00488555492857433
"OTU_263",0.000220855248479652,0.000115497444509821,0.000225677524443336,7.36231832769408e-05,0.000156976302589522,7.09607560282753e-05,0,0.000550861798377751,0.000118000156420078,0.000141789051039562,0,0.000183256315815147,0,0.000382785723188315,0,0,0,0,0,0,0,0,0,0
"OTU_264",0.00154126852772941,0.00127760404739817,0.00045896811638077,6.16872702149535e-05,0.000402129097117135,0.000478886281142833,0,0,0,0.00211891453625688,0.00196691768521509,0.000386641154815788,0.000128931360717851,0.000760533480976332,0,0.000124247455750963,0.000191101930129494,0,0,0,8.69962374127319e-05,0,0.00345868030983253,0
"OTU_265",0.000998072864579329,0.000333694375148801,0.000240952617515083,7.0786795162243e-05,0.00036165674806774,0.000291264219060092,0,0,0,0.000792380531383401,0.00303370174499571,9.12423113826744e-05,0,0.000108457994435982,0,0,0,0,0,0,0,0,0,0
"OTU_266",0.00214739323549551,0.00179149330169833,0.00124707628208,0.000586877850644133,0.000423378966466035,0.000562361058918159,0.000699021452247331,0.00397277330477086,0.000805226754493714,0.00199224946545195,0.000715358350503085,0.00500136384150284,0.00186701912690755,0.00766704996468798,0.000996877103402863,0.00188694506940974,0.001753743793806,0,0,0,0.000202858269540471,0.000126127799023137,0.000149326094673288,0
"OTU_267",0.00014715725091618,8.52833379967933e-05,4.18016230579591e-05,0,0,0,0,0,0,0.00040278516574758,0,0.00014813347299474,0,0.000183761648956555,0,0,0,0,0,0,0,0,0,0
"OTU_268",0.00247244246292013,0.00166603234825328,0.00195899297614881,0.000508724083685734,0.000788604704864858,0.000772235303900873,0.000313808469470221,0.00223349996639213,0.00193449406755647,0.0011798538382736,0.00108540878300315,0.000638287933372378,0.00386315574094671,0.00125269329706118,0.00453441089946002,0.00547397414483433,0.00474922067449546,0,8.8245525334396e-05,0.000313538678222794,0.000999055703423291,0.000397132252051713,0.000124201248355679,0
"OTU_269",0.000190314095686078,0.000202392434076916,0.000166657357583371,3.2087644897335e-05,0.000140812767957279,0.000129576780639096,0,0,0,0,0,0.000131966689023837,7.498808990843e-05,0.000141341738724013,0,0,0,0,0,0,0,0,0,0
"OTU_27",0.000369241398521544,0.000396039167730587,0.000254936925945751,7.02735364008691e-05,0.00020543524561903,0.000196464006660369,0.000189849892352307,0.000170797805692806,8.93762518369787e-05,0.000259747425644285,0.000261927167248607,0.000283592979086977,7.12863002726558e-05,0.000135420195654823,0,0.000142854163424923,0.00015003805909786,0,0,0,0,0,4.00464939743171e-05,0
"OTU_270",0.00100980604485918,0.000792259289459869,0.000965383989288003,6.4771633302559e-05,0.000820884021458201,0.00156587499276807,5.37957375843921e-05,0,5.20554816788366e-05,0.00127723904655305,0.00223086119239702,0.000321574986153368,0.000144099868793268,0.000490564195195009,0.000250218965914987,0,0.000136501378664162,0,0,0,0,0,0.00111867150629659,0
"OTU_271",5.88626520873504e-05,0,0,0,0,0,0,0,0,0,0,0,0,0,0,0,0,0,0,0,0,0,0,0
"OTU_272",6.17144266755474e-05,0.00014156717122801,0,0,5.84687710721285e-05,0,0,0,0,0,0,0,0,0.000235725194155968,0,0,0,0,0,0,0,0,0,0
"OTU_273",9.52831500602807e-05,0.000321795327106729,0,0,0,0,0,0,0,0.000179197535680151,0,0,0,0.0001481906149344,0,0,0,0,0,0,0,0,0,0
"OTU_274",0.000538016693184262,0.000587133254189149,0.00197919203472627,6.19831595488477e-05,5.38936057260562e-05,0.000180644808862482,9.4143920851309e-05,0,0.000364378971340889,0.000257717527447641,0.000465170368657138,0.000268281616794044,0,0.000191961712485472,0,0,0,0,0,0,0,0,4.93154400478365e-05,0
"OTU_275",0.000164847457227972,0.000101203034327465,9.69416104764223e-05,4.01465643576786e-05,0.000111932873441231,0.000144515849323807,6.27617082518528e-05,0.000825126813479025,0.00089391022439179,0.000134461798919618,0,0.000394530184830441,0.00115279895034622,0.00076004029145062,0.000404281520499638,0.00133317396107275,0.000964609742183864,0,0,4.33845124796402e-05,8.69965536076187e-05,4.73922418900026e-05,5.54798700538155e-05,0
"OTU_276",0.00114281559691048,0.00134732767333352,8.70646569997485e-05,0,0.00117023852945205,0.000361206709312107,0,0,0,0.000712881848526853,0.00160480537096817,0,4.91156531588342e-05,8.343533820675e-05,0,0,0.000110279824077919,0,0,5.84837504009934e-05,0.000123198764038214,0,6.79736729869856e-05,0
"OTU_277",0.000167480782456697,5.99883199868316e-05,6.06973473297854e-05,0,7.46343347169655e-05,0,0,0,0,0,0,7.89065888917929e-05,0.00023736906103111,0.00056839257724856,0.00202417224338572,0.000886294211617398,0.000828361796502987,0,0,0.00015677181259684,0.00080952410294673,0.000359999080718151,0.00106664899843273,0
"OTU_278",0.000719276617511351,0.000682925984583692,0.000645485273884677,0.000857467144518378,0.000723103269608785,0.000692805043406131,0.000623112569540076,0.000593048917691906,0.00050163305450964,0.00070604201801079,0.000562080862115613,0.000680299587293936,0.000515725999255363,0.000766579178616426,0.000609402861853168,0.000632822525331505,0.000446038265846228,0,0.000367345077318505,0.000358580710973121,0.000574072103996412,0.000456074055439147,0.000418576599393755,0
"OTU_279",0.000844965468827866,0.000303582267363217,0.000838140548384482,5.85473920787736e-05,0.000797706836850442,0.00208653849549738,6.27616938484574e-05,0,0.000281992407059095,0.000806767630963184,0.00281477937362085,0.000181484623123508,0.000208565599569217,0.000571094856208565,0.000232342007434944,0.000282380581183651,0.000218402205789488,0,0,0,7.97465509616709e-05,7.10979448334506e-05,7.08909450688211e-05,0
"OTU_28",0.000413282350072728,0.000278593115502586,0.000145276008471401,4.65704147203037e-05,0.000132013249926,7.98298233907428e-05,6.92087938405388e-05,0.000849010935539294,0.00153331730596262,0.000571943121200858,0,0.00326954721946826,0.0001990491519872,0.00171993310297943,0.00050441233815027,0.000241854049019298,0.000278173754755187,0,0,0,0,0,6.72287592105937e-05,0.00486769773360881
"OTU_280",0.000111938554531589,0.00010785083551517,8.17654733682645e-05,0,6.25163052155694e-05,4.51641232507626e-05,0,0,0.000259247940641875,0,0,0.00012329212903788,0,8.8169802129332e-05,0.00033828444235384,0.000306277861522084,0.000452786665143154,0,0,0.000350307077658299,0.000797419676683086,0.000669036133966556,0.00156062865220631,0
"OTU_281",9.232492049665e-05,0,3.84604091700613e-05,0,7.21692121247007e-05,0,0,0,0.000127875642085527,0,0,0,0,0.000110739974845256,0.000792639639216399,0.00150662169158033,0.000474172857664071,0,0,0,0,0,0,0.0048780487804878
"OTU_282",0.000182748996787719,8.35875159288629e-05,8.7009760205878e-05,0,7.88213141136711e-05,0,0,0,0,0,0,5.65040668691958e-05,0,0.000258381566487472,0,0,0,0,0,0,0,0,0,0
"OTU_283",0.000218114275793988,0.000356527418984057,6.16074630157992e-05,0,0,0,0,0,0,0.000282598188751094,0,7.30930181879678e-05,0.00029895394973479,0.000287003749143059,0.000638296114677562,0.000460028825061716,0.000214184142982367,0,0,0.000139304385060216,0.000373971095912055,0.000120420315888507,4.02803111593659e-05,0
"OTU_284",4.69307864231055e-05,5.60285737029834e-05,8.26402410823682e-05,0.000103832554132714,8.29132410731383e-05,9.23671975707449e-05,0,0.000141928328681321,5.11974351983559e-05,0,0,5.98513095352871e-05,0.000174436683276073,0.000120912759308475,0,0.000113009919208904,0.000100101011020211,0,0,0,0,0,7.70553750747437e-05,0
"OTU_285",0.000528704297980732,0.0011229754202273,0.000411766707213751,0.000506124926479318,0.00015339694811361,0.000167205265128793,0,0.00130452582456802,0.000382650789293462,0.000204514354272897,0.000213203321596792,0.000447495852698128,0.00047023344474288,0.00123224075755702,0,0.000417748392594269,0.000330992454934998,0,0,0,0,0,0.000360823032591774,0
"OTU_286",0.000789168223351514,0.000956222302493613,0.000545815958096649,0,0.00102431540822137,0.00106668929617954,0.000224147310870482,0,0.000151434161965165,0.000627491602702605,0.00120168994472122,0.000118359224881033,0.00012893146155188,0.000553564842151925,0.000518301401201029,0,0,0,0,0.00015679827454374,0.00162537657392567,0,0,0
"OTU_287",0.000223642407577107,0.000156540607021294,0.000170830067242978,4.31816156035573e-05,0.000153389239708292,7.67740449117764e-05,0,0,0,0,0,0.000106523583033819,0.000951817554402659,0.000846053855677947,0.000929299624195482,0.000576227326702838,0.00072800889293304,0,0,0.000448389544173525,0.00100045585031597,0.000126379311696888,0.006120373987781,0.0048780487804878
"OTU_288",0.000223754720748657,8.00982409142645e-05,0.000113464297395426,0.00020356799199327,0.000124430466534948,0.000112906432383414,0.000107591262196688,0.000364130476733196,0.000118308653951683,0.000174983358415785,0.000233340006774512,0.000204590524280302,9.11341750855473e-05,0.000191910625069085,0.0167973192354575,0.0168133228402218,0.0240242125875084,0,5.58665242404642e-05,0.0215204076780646,0.0151800787979232,0.00399351569569591,0.0121489095139149,0.00975609756097561
"OTU_289",0.000202200219507455,0.000123829586673928,0.000182642754002117,0.000101784030656743,0.000261453235152214,0.000154830136668274,0.000103108497036751,0.000105450465132139,0.000279206674020293,0.000201691971539022,0.000717125963690086,0.000359777726775834,0.000346639426971549,0.000526117466388277,0.0863329830464157,0.0610251009961195,0.0755701685218452,0.0118846193878662,0.000313891737617905,0,8.69961484671135e-05,0.00729412591315887,0.00872393666986117,0.00975609756097561
"OTU_29",0.0508972736307729,0.0606887996766404,0.0287845633343882,0.00579394204034985,0.074862846472311,0.0525741144789017,0.0117476481192576,0.019479623530556,0.0153451242725654,0.0457791601760321,0.0535477163763623,0.0275181286052441,0.0119798460976836,0.0262563663736768,0.0319471792482195,0.0615083192207102,0.0439148983978397,0.0596289368187051,0.000410583203905897,0.0103403191422155,0.0180429253427757,0.00931435985110348,0.0495283892367902,0.0291743949325049
"OTU_290",0.00188842021039936,0.00167522047045411,0.00156045800928509,0.000299256192165259,0.00221287378589003,0.00244807282267048,0.00113740437004956,0.000519498431603041,0.000999408741823002,0.00319712385022658,0.00461338226143031,0.000696249996144034,0.00168295304775983,0.0045813796793277,0.00446869342630864,0.000576737610302761,0.000343910841310702,0,0,0,0,0,0,0
"OTU_291",8.19666526806731e-05,6.45499167100573e-05,7.8779044769556e-05,5.91775207594672e-05,0.000207488717553705,9.06771601390316e-05,0,0,0,0,0,5.15341661743092e-05,8.34413169494986e-05,0.00010672509509588,0.000250205742949922,0.000251789086068585,0.000344821049258239,0,0,0.000113690073393266,0.000101495610314854,4.86555508548961e-05,0.000166204613165309,0
"OTU_292",0.0004608541911534,0.00034693864401786,0.000293390492056609,8.29347788107613e-05,0.000402855940313451,0.000385048913111232,4.55762616653252e-05,5.2848451792703e-05,4.96629406183001e-05,0.000225156202377278,0.000525278109214415,0.000309745454786948,0.000298453187819548,0.000385831427694942,0,0.000624364413740003,0.00055189412060591,0,0,0,0,0,9.55500350002867e-05,0
"OTU_293",4.8782180064181e-05,0,0,0,0,0,0,0,8.956503664912e-05,0,0,0,0,0,0,0,0,0,0,0,0,0,0,0
"OTU_294",0.00183440001869681,0.00142206593701696,0.00135814438151931,6.57381469610395e-05,0.00294447032270921,0.0033019850476486,9.64626239020803e-05,0,0.000492826342867583,0.000705989888568601,0.00217288554140219,0.000243736415224531,0.000330374631714562,0.000638640735503279,0.00021440389319721,0.00020938464174518,0.000188581063510561,0,0,0,0,0,8.0017610006007e-05,0.0048780487804878
"OTU_295",0.000635478528416402,0.000568838767847934,0.00109700501253856,9.03480478098906e-05,0.00140329828213167,0.00163475224277047,0.000108195827803203,0,0.000363284467645859,0.000252245570790931,0.000599460286994764,0.000132883862288973,0.000157227089872275,0.000180076553484979,0,0,0,0,0,0,0,0,0,0
"OTU_296",0.00093757659172104,0.000151135309873967,0.00296812814166831,0.000353225771634978,0.000361060445900117,0.00204148688306335,0.0225060443281813,0.00105384554055578,0.00337535970324442,0.00214074400585917,0.000692462958340588,0.00119288492202351,4.97369304585747e-05,0,0.000317165381969151,0.000520224045088128,0.000174088258780494,0,0,0,0,0,0,0
"OTU_297",5.95281184922292e-05,7.09012675321523e-05,5.19071487052784e-05,0,5.57501993512003e-05,8.90661867002499e-05,0.00056743814451843,0,0,0,0,0,0,9.04215757476779e-05,0,0,0,0,0,0,0,0,0,0
"OTU_298",0.000190000610664022,0.000121077491591688,0.000181834996255022,0.000446878589183566,0,0,0.000349843707219837,0.00524813066805075,0.000618014506460345,0.000162418599906129,0,6.28469605435042e-05,0.000375412805191373,0.00315852090383271,0,0,0,0,0,0,0,0,0,0
"OTU_299",5.49006581271954e-05,0,0,0,0,0,0,0,0,0,0,0,0,0,0,0,0,0,0,0,0.000166741483806162,0,0,0
"OTU_3",0.00178379108015753,0.00188651837705432,0.0158602451443658,0.0228428471444349,0.000319871763224319,0.00127852967381614,0.00982604991604016,0.160408084608998,0.00912334551801462,0.00321635590253009,0.00226393946914817,0.0196045454166379,0.00317363532064432,0.00546177788884915,0.001138741526026,0.00266340139332048,0.00247128218881929,0.0112984504780472,0,0,0,6.30637408730595e-05,0.000114787099930659,0.0144736922989434
"OTU_30",0.0358979558113883,0.0284085746259738,0.0298039636199763,0.0147461582421917,0.00664967950864658,0.0104985604151987,0.0150354620426865,0.0747384948383249,0.0536334728862069,0.0510607834697275,0.0270580049478424,0.083331541689977,0.0164946962327736,0.042015912379537,0.0155060066542427,0.0208304573323925,0.0128992765727079,0.0470270100901224,0.000164867659971684,0.000183680217147739,0.000674787839360213,0.000297600016959911,0.00171324036798321,0.0245578738823106
"OTU_300",0.000416051391287866,0.000563395342058504,0.000165228134112375,0.000653107869845291,0.000262611290893133,0.000189677023931082,0.000237565502253332,0.000401285143660822,0.0020347980212875,0.00110334296663865,0.000484533119167387,0.002474116122715,0.0110934976746539,0.0082848483994876,0.000526570228143988,0.00269964380000687,0.00207715543022345,0,0,0,0,0,0,0.0048780487804878
"OTU_301",6.73230535548462e-05,8.35723496063762e-05,6.64227078089822e-05,0,0.000133337431099634,0.000157229874800786,0,4.79063039260566e-05,4.93308143382733e-05,0,0,0,0,0.000124680455940854,0,0,0,0,0,0,0,0,0,0
"OTU_302",0.00163401015605962,0.00131365408804727,0.000890398069608717,9.56152688332397e-05,0.00166105954356472,0.00295888674898705,0.00017035318847555,6.69529703207047e-05,0.000714299150888901,0.000825973180324821,0.00220952093356402,0.000492583670189985,0.00362619036146993,0.00343382867025953,0.000464684014869888,0.00212335804157871,0.00171082125833018,0,0,0,0,0,0.000141781890137528,0
"OTU_303",0.00127447752905131,0.00078065568129691,0.000291639572871542,7.93041165958869e-05,0.000171247044045028,0.000391753895419269,0,0.000155576898441417,0.000147934003586838,0.000397611937637203,0.00023394667671636,0.000214739566121105,5.68724475766409e-05,0.000565149829418761,0.000994502293408688,0.00169479636320115,0.00210524099194423,0,0,0.000307483543050505,0.000554034246795608,0.000707129385582347,0.00968525169802482,0.00487747677785693
"OTU_304",0.00010951663747692,9.67401228571352e-05,4.45834557161022e-05,0,6.83171199199245e-05,6.78394969497842e-05,0,6.1371668287512e-05,0,0,0,0,0.000106179067516626,8.92058330770779e-05,0.000480895656233185,0.00100527848493064,0.000436804411690063,0,0,0.000258788492567686,0.000507478051607363,0.00359940177437806,0.000512696217992895,0
"OTU_305",4.08194170210172e-05,4.70612888793603e-05,5.02934784153846e-05,0,0,0,0,7.90609669022569e-05,8.01080144040634e-05,0.00062409859150641,0,7.29238527704799e-05,0,0,0,0.000189051546832054,9.47618172632883e-05,0,0,0,0,0,0,0
"OTU_306",4.7097703868448e-05,0,3.64260571350569e-05,0,0,0,0,0,0.000189291106804091,0,0,9.51401601566314e-05,0,0,0.00886218589737019,0.0102205888002944,0.0119476917461567,0,4.62442714911146e-05,0.000273439201314115,0.000959610548249785,0.00173034215960653,0.00176044823341058,0
"OTU_307",5.26524039867498e-05,0,0,0,0,0,0,0,0,0,0,4.2821804386141e-05,0,0,0,0,0,0,0,0,0,0,0,0
"OTU_308",0.000244880749822569,0.000347942217904249,8.75315953945582e-05,0,0.000142442198590308,0.000144556944835712,0,0,0,0.000534524979711836,0.000524707980249893,5.91711635095863e-05,6.06736289655905e-05,9.95150773720255e-05,0,0,0.000172864364946202,0,0,0,0,0,4.62332250428843e-05,0
"OTU_309",0.000543845944315866,0.000609047747130931,0.00092620720251927,0.000468820031624768,0.000202139744858453,0.000117419129828849,0.000344028815293429,0.000712994799557837,0.000351793344035427,0.000776974716842671,0.000267283160702927,0.0014190450940272,0.000371294081530726,0.000611686800487567,0,0.00105070868661064,0.000454445872093,0,0,0,0.000130238899310447,0,0,0
"OTU_31",0.0037775229985539,0.00564876319282506,0.00190103447631083,0.00083278689156138,0.00220406889962839,0.00453877033989307,0.00324123729036455,0.00116964087997991,0.00105507305651035,0.00273543677943469,0.00224676960947349,0.00107267076024524,0.0103167034539279,0.00142149651110917,0.00079184998876406,0.000234331953902164,0,0,0,0,0,0,0,0
"OTU_310",0.00316858173221752,0.00330201680665548,0.000962311746664997,0.000304404389568292,0.000499425566070002,0.000300098446366667,4.51790793796565e-05,0.000502128751160071,0.000473683403618944,0.00137802196119036,0.0009301861303834,0.000509407248476349,0.000540998967496262,0.00104848858094152,0.000268086931655676,0.000616488443269961,0.000640854232882653,0,0,0.00466196897672012,0.003609683652226,9.40584269396973e-05,0.000223751938349992,0.0048780487804878
"OTU_311",0.000234097547680363,0.000107851596205816,8.72298521233738e-05,6.47716370141993e-05,0.000149257391942402,9.03216397016882e-05,0,0,0,0,0,0.00011835953682961,0.000136515665172579,0.00019785765401844,0,0.000463104153253589,0.000446041553660647,0,0,0.00420231653481993,0.00631561258075834,0.00599836383963906,0.00026799299484561,0
"OTU_312",4.318760100786e-05,4.37142844731048e-05,5.19307109388144e-05,0,0.000128639115608219,0,0,0,0,0,0,0,0,0,0.00163444189600103,0.00116173291335451,0.00160085012321703,0,0,0,9.42459238574424e-05,0.000124921777508122,0.000619623913687414,0
"OTU_313",5.19309460104325e-05,0.00013185923279502,3.53689116150651e-05,0,4.40681869824697e-05,0,0,0,0,0,0,0,0,0,0,0,0,0,0,0,0,0,0,0
"OTU_314",4.70992734937064e-05,0,4.47614210351855e-05,0,0,0,0,0,0,0,0,0,0.000231318210431321,0.000156413297126244,0.000232342007434953,0.000406628035800838,0.000509605147011985,0,0,7.29171203645367e-05,9.64792575305865e-05,0,0.000234148278408331,0
"OTU_315",0.00023286290003698,0.000144582705940313,0.000426092718410008,5.55185431934246e-05,0.000335798601123706,0.000239354366798754,0,0,0,0.000358360793605569,0.00100787034736892,8.67969936677648e-05,0.000155476174193803,0.000263058742276759,0.000232341872374636,0.000271085362068156,0.000245702481595064,0,0,0.000116667395841119,8.69963702502554e-05,4.34428883991691e-05,0.000946244206180798,0
"OTU_316",0.000733963805409871,0.000347191149089274,0.000207236239447798,5.24337276640669e-05,0,0,0,0.000153035371570042,0.00055368103442001,0,0,0.000347249132099926,6.82578325862893e-05,0,0,0.000191456013033596,0,0,0,0,0,0,0,0
"OTU_317",0.00220896907163596,0.00158023372775358,0.00233312334888659,0.00043547977967264,0.00210263593568065,0.000899253870139388,6.71014328371809e-05,0.00034685663815095,0.000301447520082876,0.00086620062128225,0.00124056632078518,0.00070741768239961,0.00156977543013879,0.00180174242826886,0.00142917576596392,0.00363635320097292,0.00393608016133362,0.014789996588005,0,0.0351854844333463,0.0562986083665122,0.26342242423938,0.0321517689978851,0.0048780487804878
"OTU_318",5.10240806738102e-05,0,4.73367328122858e-05,0,0,0,0,0,0,0,0,0,0,0,0,0,0,0,0,5.09939576821678e-05,8.69962374127319e-05,0,0,0
"OTU_319",6.27990313243435e-05,0,0,3.08436351074592e-05,4.14566197930486e-05,7.22579246620813e-05,0,0,0,0,0,7.49610399857969e-05,9.1070821754367e-05,0.000113755127885795,0,0,0,0,0.000110986251578101,0,0,0,0,0
"OTU_32",5.34452637662109e-05,6.65575238794488e-05,4.62265829978814e-05,0,0,0,0,0,0,0,0,5.03934599189561e-05,0,7.38580773469299e-05,0,0,0,0,0,0,0,0,0,0
"OTU_320",8.08186358178425e-05,6.09613347027477e-05,8.02566215024337e-05,0,0,9.88735275972393e-05,0,0,0,0,0,7.18007979651718e-05,0,0,0.000354010518227218,0.000170301633146797,0,0,0,4.25196115618678e-05,0.000185840181037901,6.54854146228071e-05,4.65668819490375e-05,0
"OTU_321",0.00053922537849159,0.000507006874035837,0.000200930048428629,3.70123621289511e-05,0.000207436466478007,0.000274888762192144,0,0,8.91692692439969e-05,0.000212912991112824,0.000563260966601938,0.000303869513599511,9.10104429870118e-05,0.000115843949635969,0,0.00024849956981792,0.000201698157681448,0,0,0,0,0.000732377966791344,0.00112294582805774,0
"OTU_322",0.000201036564665074,0.000179809271699635,0.000213914313762448,6.16872692714601e-05,0.000247418523265278,0.000143758299312545,0,0,6.15201147113523e-05,0,0,0.000110468900837001,0.000314745533786367,0.000383869950631971,0.000303850843812371,0.000349512762564321,0.000398278489250307,0,0,0,0,0,5.92726734340809e-05,0
"OTU_323",0.000611607524420775,0.000450631594315694,0.000284224221851891,5.46841564762194e-05,0.000440946234773055,0.000696001631576876,0.000370821674206144,0.000176947135888028,0.000301709432506165,0.000352488263499461,0.000485025262627877,0.000169781572000963,0.000155885735715474,0.00149707350144537,0.000887769608336179,0.000678966527292993,0.000637423680928945,0,0,0.000240820135138132,0.0004929092944444,0.000121591127598083,0.000912393359959658,0.0048780487804878
"OTU_324",0.00126236737730908,0.000991464051082142,0.000277220121784941,8.61711663993021e-05,0.000250738644655406,0.000472202898858628,7.65184192463594e-05,0,0.000194997594313426,0.00184765072276883,0.00166770062932962,0.00063811138054099,0.000259469479741416,0.00238808252055854,0,0.000114726259726492,0.000303384891534355,0,0,0,0,0,0.000279824712159316,0
"OTU_325",0.000183865580460185,0.000135854894340801,0.000102195756208685,6.31943140966185e-05,0.000167408987475914,0.000229127280611995,0.000124572373645158,7.46398981192009e-05,0.000256816781444892,0,0,7.86763441887344e-05,8.30499787438095e-05,0,0,0,0.000234784201685392,0,0,0.000233069831783047,0.000676639265411202,0,0.00442425239946952,0
"OTU_326",9.3208876953602e-05,0.000115737232507154,7.52079320585504e-05,0,0,0,8.08084044341194e-05,0.000191933586217029,7.97605507902005e-05,0.000114340874209743,0,0.000237178209614053,0,0.000105449154804272,0,0.000229493760736004,0.000156511562573501,0,0,0,0,0,5.37495165616319e-05,0
"OTU_327",0.000341453653479282,0.000335967755415682,0.000177714823446474,9.87004248483195e-05,0.000290956405211425,0.000556376477721116,0.000146946766084386,0,8.23036351742159e-05,0.00038862690317962,0.000437894808754593,0.000109699858312531,5.31269773283502e-05,0.000305745781817469,0.000982911403581314,0.000748817857273127,0.00108216683837742,0,0,0.000142188388678694,0.000561331208377106,0.00188759489578403,0.000705851188127788,0
"OTU_328",0.000102309479477185,0,0.000100817745139066,0,4.97481768988508e-05,0,0,0,0,0.000671189442884939,0.000387641974875807,0,7.58420362097618e-05,0.000368717285204342,0.000675354712491046,0.00044075697243539,0.000209466494172215,0,0,0,0,0,0,0
"OTU_329",0.000111297011773421,0,0.0001227032625343,0,5.61379326074739e-05,0.000124628006874356,9.38051423142365e-05,0,5.31025080507674e-05,0,0,6.29489040274266e-05,0,0,0.000291310219861899,0.00025682984879439,0.000154187507120889,0,0,0,0,0,0,0
"OTU_33",0.00390544466783337,0.00154840706000753,0.0122475739160466,0.00565445773309457,0.0120132632851759,0.00285169015046794,0.00332104996810964,0.0140352589401344,0.00534663532641606,0.00318040496280157,0.00193428481214946,0.0184699042100524,0.000725332414413503,0.000551926053081632,0.00082375459283814,0.00192445672873234,0.000671804559740355,0.00584548809150235,0,0,0,0,0,0.00977754013877592
"OTU_330",0.00126392158666842,0.000566948443519319,0.00070007172229974,7.09634023173896e-05,0.0020349489252881,0.00195958524263757,0.000121040409564882,0,0.000283937596267002,0.00121417645840765,0.0019168428331361,0.00013019545338081,0.000251715038471658,0.000931015822157059,0.00180884618039665,0.00215340828293826,0.0018927373039751,0,0,0.000189589744619249,0.000341137347142746,7.50377142168542e-05,0.000849344680198236,0
"OTU_331",0.00219611668007489,0.00119547020378265,0.00360588217324668,0.00133172767814932,0.00247996902113777,0.00191616180834041,0.00024659606055698,0.0015449092342152,0.00203436877869459,0.00181415329139467,0.000970349791095605,0.00148340022719486,0.00246089362118286,0.00225701771064744,0.00301765505529502,0.00315127235147651,0.00216650272516701,0,0,0.000496138072048007,0.000779907113933478,0.000300142842670462,0.000184932905514871,0
"OTU_332",8.68568839741374e-05,7.60250512696652e-05,0,0,0,0,0,0,0,0,0,0,0,0,0,0,0,0,0,0,0,0,0,0
"OTU_333",4.63810984871199e-05,0,0,0,0,8.47238860390675e-05,0,0,0,0,0,0,0,0,0,0,0,0,0,0,0,0,0,0
"OTU_334",0.000165618259100736,0.000210007993053928,5.97109355803761e-05,0,7.74856185742635e-05,0.000159245250152807,0,0,0,0.000167887423671941,0.000280115590530057,0,0,0,0,0,0,0,0,0,0,0,0.000119485358396529,0
"OTU_335",0.00155944921590561,0.00160365010548935,8.10176607086955e-05,3.71620923325043e-05,0,0,0,0,0,0.000939463731475277,0.00100372482849142,0,0,0.000189248600897959,0.000474503095936142,0.000218319596938798,0.00014976851579795,0,0,0,0,0,0,0
"OTU_336",0.00015525217769065,0.000236302451636977,0,0,0,0,0,0,0,0,0,0,0,0.000181697039025752,0.000465523531282939,0.000257302314212631,0.000245067929411152,0,0,0.000153175382271363,0.000123244411014188,0,0,0
"OTU_337",0.00177892274447446,0.00101621627555993,0.00853008728910779,0.000508960843806445,0.00124680931536428,0.00159528031388831,9.41422999490717e-05,0.000360892129682451,0.00124095912192753,0.00240818006611913,0.000857128908173827,0.00060253601562764,0.00158792429919684,0.00289294290376808,0.00361623501157078,0.00245286352506707,0.00221459555486384,0,0,0.000109460732437186,0.000369271936286304,0.000126349172664253,0.000117727147316107,0
"OTU_338",0.00392113062395033,0.00174385589159957,0.00694982266284741,0.000479420803662079,0.00213172128392707,0.00739274633436306,0.0031324230816848,0.00246645439441954,0.0121088705184516,0.00696580125395856,0.00600760805403143,0.00479214583169029,0.0041654778714266,0.00215798009555942,0.00433483588381211,0.00801913329795792,0.00315440673897402,0.00720745423475988,0,0,0.000130494319395852,7.1123571890777e-05,0.000144660234205077,0.0048780487804878
"OTU_339",4.68117768036855e-05,0.000152124013203944,0,0,0,0,0,0,0,0.000126880833873345,0,0,0,0,0,0,0,0,0,0,0,0,0,0
"OTU_34",0.00104290951561456,0.000801937175771826,0.00195007714195217,0.000256476318408637,0.000202278987675058,0.000181767119860609,0.00134901638734989,0.00373692284141398,0.00549146179848559,0.00378361656378702,0.00104608515839421,0.0110221144457739,5.45669189505603e-05,0.000421839538222909,0.000373317242305591,0.000590699380629942,0.000624005151692627,0,0,0,0.000109195578315675,0,0,0.0095884675811043
"OTU_340",0.000339988237590944,0.000232074655584103,0.000285863886606854,9.16823151734934e-05,0.000784004114992062,0.000564268707652417,0.000251531663465223,6.21706152825201e-05,0.000473204926463615,0.000310872408139928,0.00166694030011003,0.000232773910448116,0.00770166896230089,0.0029680683731483,0.000711157438164966,0.00139267017204092,0.00161362977233471,0,0,0,0,0,0.000135361747292838,0
"OTU_341",0.000138244015236676,0.000131184115333833,0,0.000125251516672189,0,0,0,0,9.56566920747527e-05,0.000181467702530271,0,6.24510451325601e-05,0.000237288364681254,0.000529883130149382,0,0,0,0,0,0,0,0,0,0
"OTU_342",0.000329073903046666,0.000170023179423117,0,0,0,0,0,0,6.05202201471297e-05,0.000229255172242225,0,0,0.000101838684340758,0,0,0,0,0,0,0,0,0,0,0
"OTU_343",0.00116793019431132,0.000698047866351279,0.000737592852241403,0.000159114337467252,0.00016464144653792,8.60852485759301e-05,0.000130006419357438,6.28758327709266e-05,0,0.000866131052263574,0,0.000458189814473337,0.000254035014787553,0.000568846181157773,0,0.000383688888224033,0.00026363584524844,0,5.74529233658562e-05,5.10419853937729e-05,0.000152247749251721,5.13415949930721e-05,0,0
"OTU_344",8.1742057129934e-05,0.000107332923108417,4.35958139687779e-05,0,6.52731940041212e-05,8.19396282772127e-05,0,0,0,0,0,0,0.000108860188245968,0,0.000464827539962626,0.000320855922625191,0.000200180529874051,0,0.002700209783124,0,0,0,0,0
"OTU_345",5.83146418215079e-05,5.77721947390238e-05,0.000162765889329175,0.000218608644502104,0,0,0,0.000187867917521141,5.69989929922833e-05,0,0,7.86417668531884e-05,0,0,0,0,0,0,0,0,0,0,0,0
"OTU_346",0.000380606718338926,0.00033212094716046,0.000205911546973151,0.000117341734430666,0.000391793862315306,0.000239323947272169,0,0,6.13181746465345e-05,0,0,0.000156360094630557,0.000326120885376689,0.000348045817554001,0,0.00049916423198126,0.000583916914682493,0,0,0,0,0,0,0
"OTU_347",0.000419968521508332,0.0003554813064907,0,0.000297445279634932,0,0,0,0,0,0,0,0,0,0,0,0,0.000127401260133689,0,0,0,0,0,0.000668220688127297,0
"OTU_348",0.000680900443894833,0.000407769724091903,0.00102566119864795,5.4467373655538e-05,0.000339461046157673,0.00023448795214725,8.12087743782468e-05,9.55969184396379e-05,0.00605616467281151,0.000901456855600132,0.000736520012831759,0.00091941698694898,0.000206149480939166,0.000476586943091885,0.00334573316001676,0.00286306020101571,0.00333606126856533,0,0,0.00194646798833999,0.00491956916792683,0.0176476522188989,0.00455104541118286,0.0048780487804878
"OTU_349",0.000872506758525392,0.000558868320905105,0.000582415405302025,0.000161133692254565,0.00154781356883022,0.000893609104111443,0.000157068630360117,0.000114776520549811,0.000630111672897746,0.000470656122215383,0.000794750362503432,0.00129000954267367,0.00198796633564465,0.00224574741184161,0.00371358351506574,0.00377261848166537,0.00338366523338579,0,0,0,0,0,0.00020342652438302,0
"OTU_35",0.000122469306108301,0.000141933282894077,0.000152582089527168,0,0,4.70895917971294e-05,9.62493432997758e-05,0.000202872351893301,0.000277872306329512,0.000175475781277433,0,0.000306597498989629,0,0.000288408599175123,0,0.000275608411276899,0.00012826714604699,0,0,0,0,0,0,0
"OTU_350",0.00126784579711493,0.00144832857365457,0.000351349934288514,3.70123621289511e-05,0.000753522985368864,0.00206527847449771,0.000690370339881917,0,6.67087362734017e-05,0.000515391046981404,0.00125186601500278,9.07488331510259e-05,0,0,0,0,0.000145637845497075,0,0,0,0,0,0,0
"OTU_351",0.00030234429876874,0.000151952382140594,7.43279636658511e-05,7.7125195925393e-05,7.83957757474267e-05,0.000196885726661133,0,0,0,0.000179104432688641,0,6.70704981964736e-05,0,0,0,0.000158572383913373,0,0,0,0,8.43691245724754e-05,0,7.40625816635117e-05,0
"OTU_352",0.000246684271418123,0,4.41716241693551e-05,0,0.000121204148759161,0,0,0,0,0,0,0,0,0,0,0,0,0,0,0,0,0,6.50023948384292e-05,0
"OTU_353",6.71650759880422e-05,0,0,0,0,0,0,0,0,0,0,0,0,0,0,0,0,0,0,0,0,0,0,0
"OTU_354",0.00028459320621116,0.000224363485549551,0.000125565522509774,0,0.00011791538888408,0,0,0,0,0.000257709212351214,0,0,0,0,0,0,0,0,0,0,0,0,0,0
"OTU_355",0.000294863533273838,6.24513379375386e-05,5.51094440291259e-05,0,0.000193777803733799,0.00011123912162823,0,0,0,0.00022972918282794,0,0,0,0.000120999272660026,0.00021453604097638,0.000157165343063999,0,0,0,9.84381152391557e-05,7.28173202080952e-05,0,0.000293597002909493,0
"OTU_356",0.000414709283605475,0.00031615088048449,0.000134985511017097,4.30123712940535e-05,0.000606233699264102,0.000120172129791573,0,0,0,0.00117450502642896,0,0.000292707758355139,7.9107029718199e-05,0.000156561814645043,0,0.000291029585552889,0.00017296948179134,0,0,0,0,0,8.32101074698028e-05,0
"OTU_357",0.000588772343832587,0.000567631093105101,0.00054498888989209,5.00305988338188e-05,8.70591732464247e-05,9.48386278975456e-05,0,5.308378901428e-05,6.28534254731451e-05,0.00028013463654028,0.000232585184343963,0.000187269792202286,8.72183416380363e-05,0.000234619956731891,0.000446811552738578,0.000384046008654567,0.000382203860258922,0,0,0,0,4.7392413722653e-05,0.000869370202179413,0
"OTU_358",5.07427659510816e-05,0.00010180536685554,0,5.83785658963685e-05,0,0,0,0,0.000398840368736407,0.000199398426104917,0,6.58415270541224e-05,0.000106265592829308,0,0.000378789353642125,0.000608449912273268,0.000518340329715528,0,0,8.06174216861371e-05,0.000191712677046024,0.00351965141276199,0.00172676144638058,0
"OTU_359",4.30802782046991e-05,0,0,0,4.96671716970245e-05,0,0,0,0,0,0,0,4.55052217844415e-05,0,0.00383810994936645,0.00395861988814983,0.005186448480451,0,0,0,0,9.87375721186284e-05,0.000157192082716847,0
"OTU_36",0.00160445538808078,0.0021103875405318,0.000186741379624871,9.36905389288185e-05,0.000441443326393935,0.000454642209731766,0.000522954700363487,0.000126419495156071,0.00016056619802473,0.00135240423145427,0.000516828573451474,0.000279081849780751,0.0028299344678701,0.000216589898963908,0,0,0,0,0,0,0,0,0,0
"OTU_360",0.000104220662694269,0,8.48010702172928e-05,0,0,0,0,0,0,0,0,0,0,0,0,0,0,0,0,0,0,0,0,0
"OTU_361",8.82771449175238e-05,0,8.73694360912456e-05,0,9.3539126151875e-05,0,0,0,0,0,0,0,0,0,0,0,0,0,0,0,0,0,5.26777823877731e-05,0
"OTU_362",0.00108394760089062,0.000991127559230108,0.00126696212922044,6.47716337256644e-05,0.000899641621708527,0.00110763321347617,0,4.78235502290748e-05,0.000175092930292202,0.00080201511916901,0.00224081184570093,0.000244609709427337,0.000951817553967976,0.00143066322693373,0,0.000158142285887106,0.000245702481595064,0,0,4.37649473283708e-05,8.70010335201324e-05,0,0.000480827495974928,0
"OTU_363",0.000640431489610025,0.000303344526694978,0.0002802099329916,6.48610762580509e-05,0.000345247344431954,0.000217104653405731,0,0.000129123587628427,0.000235976633264078,0.000279629887720397,0.000368270486073612,0.000161390992927784,0.000481397751804474,0.000754076867212033,0.00335774520944111,0.0019488687320107,0.00138305919196968,0,0,0,0.000287301430476082,7.50377163000021e-05,0.000144968521577147,0
"OTU_364",0.00020997920351738,0.000299254829957163,5.3209364223816e-05,8.8831491649912e-05,5.38936048259317e-05,7.67716402696479e-05,0,0,0.000236615825799018,0.000257716491476742,0.00021320308598966,0.000112804083458337,0.000608388417311662,0.00187119716794595,0,0.000338856697502626,0.000254802573502702,0,0,0,0,0,0,0
"OTU_365",6.69662161973964e-05,7.45003471584847e-05,4.80307001430916e-05,0,9.28439076641665e-05,6.41416644106112e-05,0,0,0,0,0,9.46320404243777e-05,0,7.81679894381448e-05,0,0.000126541383346076,0.000106201668188985,0,0,0.00160642902004171,0.00424458203739985,0.0160508976465782,0.00257727639809599,0
"OTU_366",0.0007951712718754,0.00101061064039722,0.000288228122243328,0.000123374540257392,0.000366694855940208,0.000308501837811232,0.000174835565868391,0.000193216106604367,0.000349912864831491,0.000470614589171888,0.000290731480404839,0.0004655692174378,0.000375018141039478,0.000582997566101101,0.000554046319072226,0,0.000109101702228363,0,9.71280892732905e-05,0,0,0,0,0
"OTU_367",9.64031972827682e-05,0,0,0,9.53101690973981e-05,9.57921129775742e-05,0,0,0,0.000156786876773893,0,4.47684498692386e-05,0,0,0,0,0,0,0,6.24292104463533e-05,7.98380652067917e-05,7.59601148581596e-05,0.000126345025909171,0
"OTU_368",0.000106180059598334,0.000123659352496596,0,0,0,0,0,0,0,0,0,0,0,7.89369500013981e-05,0,0,0,0,0,0,0,0,0,0
"OTU_369",9.14424451344982e-05,0,7.4124181355984e-05,0,5.72492708901178e-05,0,0,0.000620783935345201,0.000162446293141202,0,0,0.00069916479582878,5.93346647219195e-05,0.000695978141369798,0.000558220229398089,0.00034486968260707,0.000329520794658331,0,0,0,0,0,0,0
"OTU_37",0.000764860336881618,0.000832357457344039,0.000478203367033964,0.000121818726360329,0.000309731700075326,0.00068471125974663,0.000267000511138975,0.000514076440612617,0.000369554324397025,0.00125681990036059,0.000597171580372875,0.000797447966750746,0.000264423312009273,0.000621910262848296,0.000619529672471522,0.00139142959380473,0.00108976387526527,0,0,0.00554289874239889,0.0106835317494234,0.0295000816701968,0.00978186807160752,0
"OTU_370",0.00011416622801769,0.000134010478751728,8.01402047001431e-05,0,0,0,0,0,0,0,0,0.000467934444355373,0,0.000219862353218884,0,0,0,0,0,0,0,0,0,0
"OTU_371",0.000305873924746075,0.00027761777717063,0.000147977558047326,0.000157167404165565,8.70548730083993e-05,6.3357185710052e-05,0,0.000105212097366387,0,0.000201691965921551,0,0.000418065207701803,0.00025382716688307,0.000540272147161993,0,0,0.000387867784632122,0,0,0.000197853395040077,0.000384388158307464,0,3.99888321666088e-05,0
"OTU_372",4.34106002964072e-05,0,0,0,0,0,0,0,0,0,0,0,0,0,0,0,0,0,0,0,0,0,0,0
"OTU_373",0.000415400512384619,0.00062008141556288,9.6603909869358e-05,5.55185430046196e-05,0,0,0,0,0.000151481986887319,0,0,0.00013797097028164,5.64801195955963e-05,0.000127977260751292,0.000536132469589314,0.00047412491689232,0.000448013527057008,0,0,0,0.000115994983216153,4.73922418900026e-05,3.39044892036683e-05,0
"OTU_374",0.00013594380170119,8.7462699669536e-05,0.00121245306271507,0,0.000140669565177707,0,0,0,0,0.000134461282577691,0,4.73438147278715e-05,6.82578325862893e-05,0.000113755125678094,0.000250212568180131,0.000248494911501916,0.000345803470178718,0,0,0.000270384828970328,0.00030444043088343,3.94935349112792e-05,0.000129476540036721,0
"OTU_375",8.084300004488e-05,0,0,0,6.19391324500377e-05,0,0,0,0,0,0,0,0,0,0,0,0,0,0,0,0,0,0,0
"OTU_376",0.000546098411230964,0.000165499202046631,0.000178247944210722,0,0.000307805561888766,0.000162475462843627,0,0,8.99008331492806e-05,0.00030822021072505,0.000364672325247824,6.74343242201858e-05,5.57703509636794e-05,0.000167216533068966,0,0,0.000145096685850967,0,0,0,0,0,0.000229453144238877,0
"OTU_377",0.00018386678273006,0.000263428318859859,0,0,4.14880487933739e-05,4.80415307617373e-05,0,0.000129123568266773,7.11437342995946e-05,0,0,0,0,0,0,0,0,0,0,0,0,0,0,0
"OTU_378",0.000118642016374589,6.47101018777766e-05,5.20024552094107e-05,0,0,6.72400836623788e-05,6.36182891164771e-05,0,6.75073990071749e-05,0,0,9.13749444021636e-05,0,0,0,0,0,0,0,0,0,0,0,0
"OTU_379",0.00012304415965603,0.000149727361006963,8.16360285056209e-05,0,0,0,0.000456598739580596,0.000120734079064124,9.38126692171454e-05,0,0,0.000155409814033516,0,0,0,0,0,0,0,0,0,0,0,0
"OTU_38",0.000266630415951595,0.000223554531552002,0.000142433722051196,0,6.83131998793547e-05,5.85398634547687e-05,0,0.000188892226607382,0,0.000167689421385134,0,0.000227625962593147,0,0,0,0.00014783018064244,0.00014136352573285,0,0,0,9.62220235809111e-05,0,0,0
"OTU_380",0.000236340476853711,0.0002493140995582,5.97061216946791e-05,9.25313991503106e-05,0.00010686393605017,0.00013648149460523,0,8.14441417457705e-05,0.000101473706629897,0.000177467372135375,0,4.57558280848439e-05,0.000114596553628454,0,0,0,0,0,0,0,0,0,0,0
"OTU_381",0.000105095796639793,0,5.5737000715674e-05,0,0,0,0,0,0,0,0,4.17659612179504e-05,8.53262226708703e-05,0,0,0,0,0,0,0,0,0,0,0
"OTU_382",0.00110814592663568,0.000980750165784992,0.000446699189900591,0,0.00103895943634475,0.00113589324045825,7.21717533152614e-05,0,6.15200892747293e-05,0.00060507595294393,0.00162661294506851,0.00012625010570037,0.000129516328412285,0.000369801771943037,0,0.000135472935831323,0.000163801654396709,0,0,0.000138542532557495,0.0004927850966425,5.05578472006189e-05,0.000657326523548888,0.0048780487804878
"OTU_383",0.000115979876725366,6.49624195930559e-05,6.92174138998305e-05,7.71090877686481e-05,9.26832379585004e-05,0.000115131139340395,7.17276582598899e-05,7.17485569946125e-05,0.000105912982658402,0.000144731903878812,0.000250891788490912,0.000109385547024089,0.000121347266370146,0.000121515617736575,0.00993629027897024,0.00839142285640112,0.00856395052839438,0.00564283501542662,0.000112326474091725,4.93953012150738e-05,0.00014019019856728,0.000522266403631217,0.000457494300400876,0
"OTU_384",0.000313219235423503,0.000191978427436113,0.000486072594501526,0.000140115377942387,0.000363502332926009,0.000239351740646431,0.00103173370702695,7.85878525789794e-05,0.000575352790475209,0.00091642783341239,0.000639609256717385,0.00034086434755705,0.00014165121648639,0.000128415854975402,0,0,0.000164299431981184,0,0,6.57749478197292e-05,0.000136667039161111,0,0.000151028534972913,0
"OTU_385",0.000162547476999431,0.00015892743895577,5.08072786404711e-05,5.2376308022883e-05,5.80420276649893e-05,0,0,0,0,0.000138305995805687,0,0,0,0.000663650164721792,0.000446031139361263,0.000418175599252482,0.000190687662588342,0,0,0.000120295751118198,0.000188566697341011,0,0,0
"OTU_386",0.000194709471097619,0.000112219197483244,0,0,0,0,0,0,0,0,0,0,0,0,0,0,0,0,0,0,0,0,0,0
"OTU_387",7.18229253538351e-05,5.67337294641007e-05,3.77066595646911e-05,4.62550406450027e-05,4.5602447227754e-05,0,6.62204791643633e-05,0,0,0,0,0,7.20500283093764e-05,7.67492578087653e-05,0.000993899496577877,0.00153673720499609,0.00155430193554272,0,0,0,0,0.000480163560349577,0.0135618976949651,0
"OTU_388",4.55248257815925e-05,8.27383156383883e-05,3.37292427263064e-05,0,0,8.12944642528741e-05,0.000206216994165122,0,0,0,0,5.12896181838323e-05,5.30894270497274e-05,9.95350042341779e-05,0,0.000211661983170104,0,0,0,0,0,0,0.000172603886573463,0
"OTU_389",0.000225073666562078,0.000175758156824931,0.000240842635950305,0,0.000219720081799035,7.67559449250078e-05,0,0,0,0.0004054960960962,0.00079466604643988,5.98289542406364e-05,4.92973235345423e-05,0.000170625432897979,0,0.000180723569441035,0.000109201102963149,0,0,5.10419856790772e-05,0,0,0.00105112449660033,0
"OTU_39",0.000499918652729773,0.000886217858205359,0.000313140732661635,0.000119568515831892,0.000424416755994073,0.000370933943504236,0.000284986967056957,0.000384088202137653,0.000263843272668766,0.000568960519355295,0.000537123962877612,0.000629220661973978,0.000213668598331405,0.000701590028790974,0.00027876031263426,0.000518026621537419,0.00043234849551567,0,0,0.000216290081308596,0.000538938095142663,0.000704372619052268,0.000331940618425643,0
"OTU_390",7.44293733590532e-05,0,0,3.39279986182051e-05,4.14566197930486e-05,0,0,0,6.62524312276102e-05,0,0,7.10157220918076e-05,7.97073174017551e-05,0.000106645432376131,0,0,0,0,7.39908343853905e-05,0,0,0,0,0
"OTU_391",6.89370291555339e-05,7.49159321443451e-05,4.84557984863093e-05,0,5.90108471826507e-05,6.34485077389643e-05,0,0,0,0,0,0,6.46518136242728e-05,0,0,0,0.000166456651706117,0,0,0,0,0,0,0
"OTU_392",0.000483006681856822,0.000317310822404866,0.000268044477968734,0.000234616259109366,0.000108143277810127,0.00030133921706203,0,0.000162224986108897,6.54482218672222e-05,0.000860727593543677,0.000674384954904325,0.000104091180193169,0,0.000210160320856401,0,0,0,0,0,0,0,0,3.65553532657405e-05,0
"OTU_393",5.49491524114486e-05,0,7.56128608616232e-05,0,9.5350683961798e-05,8.12901652433655e-05,0,0,0,0,0,0,7.20499343966389e-05,0.000234619952488039,0,0,0.000191101930129456,0,0,0,0,0,5.58244096166942e-05,0
"OTU_394",0.000101466582145248,4.20259865622384e-05,5.53533725240839e-05,0,0,0.000118009466137401,0,0,9.16408122382053e-05,0.000150886504801842,0,0.000148156071888267,0,0.000180084403508184,0,0,0,0,0,0,0,0,0,0
"OTU_395",0.000333224928361083,0.000191610667398445,0.000372493151109334,6.16872702149185e-05,0.000584576514072348,0.000225806014567067,0,0,6.15201147113523e-05,0.000190486862009076,0.000213203085630112,0.000161758033653562,0.000477804828104025,0.000774956808521831,0.000357449242207642,0.000717748113110192,0.00115571145951691,0,0,0.000652574826621447,0.000337534322818873,0.000355313710229063,0.000437674018207356,0
"OTU_396",0.000110257999106445,0.000123860259736501,0,0,0.000120189521470979,0.000240641252373758,8.46294529080214e-05,0,0.000113579758703149,0.000192858951600036,0,0.000116354898292565,9.05920780540979e-05,0,0,0.00022693487536702,0.000197445474742617,0,0,0,0,0,0,0
"OTU_397",6.2543097596827e-05,0,0,0,0,0,0,0,0,0,0,0,0,0,0,0,0,0,0,0,0,0,0,0
"OTU_398",0.000513670552457476,0.000419484279321088,0.000467330931988739,0.000144965059255828,0.000698550521285023,0.000442648559479475,0,0,6.14844343061521e-05,0.000145671456781576,0.000310113935207835,0.000319534371732132,0.000538515394516869,0.000625806762881398,0.000375321704303084,0.000587353082434134,0.00118333331861614,0,0,0,0.000193142841721169,0,0.000298399788397433,0
"OTU_399",0.000440067689690859,0.000348393500879569,6.979088533345e-05,0,5.3605066540007e-05,0.000108389155247849,0,0,0,0,0,0.000135588527304859,0,0.000163522995024015,0.000500358418892024,0.00232817972289698,0.00190301456101591,0,0,0,0,4.73922418900026e-05,0.0013956984966365,0
"OTU_4",0.000222480516560598,0.000270501835862557,0.000521476561497585,0.00019303086519772,0.0001751986936624,8.64224237328148e-05,4.5806787424707e-05,0.00389889439650182,0.000248091905667986,0.000203930280081854,0,0.000624669387955831,0.00124127119118614,0.00159222859124324,0,0,0,0,0,0,0,0,0,0
"OTU_40",0.000228621904857736,0.000158216875092948,0.000374398230013281,0,7.02238219856443e-05,0,0,0.000692634308815519,0.000890786614386927,0.000830524579682294,0.000513347037191998,0.00136528696293655,0,0.00012096808226632,0,0.000181921586387831,0.000202593308508213,0,0,0,0,0,0,0
"OTU_400",0.000366594282660049,0.000402417319241388,3.0796205121027e-05,0,9.43079622982342e-05,0,0,0,0,0,0,0,0,0,0,0,0,0,0,0,0,0,0,0
"OTU_401",0.000142019867845296,0.000163063253732572,0.000109023669436818,6.44407089267236e-05,0,0,0,0.000138827292047998,0.000134862950997754,0.000211408252104552,0,0.000645554240164312,0.000232515063262162,0.00195999510930397,0,0,0.000159510363649166,0,0,0,0,0,0,0
"OTU_402",4.56495515756067e-05,0,0,0,0,0,0,0,0,0,0,0,0,0,0,0,0,0,0.000131502038086252,0,0,0,0,0
"OTU_403",0.000339826579047662,0.00016820082277726,0.000188873576539045,0,0.000170703940947635,7.18938701841877e-05,6.67673848584908e-05,0,6.1519745748869e-05,0.000318059836431669,0.000604169158063688,0.000105058936912867,0,0.000225584441831265,0,0,0,0,0,0,0,0,7.71711544992084e-05,0
"OTU_404",0.000151842188918095,0.000126616337759074,0.000102509494560359,4.49234656312154e-05,9.63704935371731e-05,7.79647080390822e-05,0.00013852610896881,0.000291806296857838,6.94507562291792e-05,0.000201001695776489,0,0.000125038952559978,6.14241188219016e-05,0.000162235310135701,0.000236067570543316,0.00014491368452834,0.000173062034599865,0.0105645557781924,0,0.245012612427128,0.294573232933721,0.184730812674377,0.00811283821317276,0.00975609756097561
"OTU_405",0.000157028227423794,8.91501373581955e-05,0.000140024621568011,0,0.000233365957758979,0.000202941290745568,0,0,0,0,0,8.70045914663861e-05,0.00010617886440307,0.000231280317073077,0.000518294404838661,0.000438515015594577,0.000579120378397178,0,0,0.000248026618699679,0.000876536356300754,0.000203465990628262,0.00104329564268237,0
"OTU_406",9.02416979969507e-05,5.19285463202633e-05,0.000206170049997465,0,6.63305916688813e-05,0,0,0,0,0,0,0,0,0.000120864823359616,0,0.000271060258921171,0.000182001835109454,0,0,0,0,0,0.000144528556151652,0
"OTU_407",7.8263673177823e-05,0,0,0,0,0,0,0,0,0,0,0,0,0,0,0.00013555972108092,0.000129988397467048,0,0,0.000675884314046215,0.00222521501283418,0.00627732749555971,0.000764092455228647,0
"OTU_408",8.63526591903295e-05,8.37158500960394e-05,0.000189072202864448,0,4.97616253226894e-05,8.1290166971914e-05,0,0,0,0,0,4.72553075060665e-05,0.000102386748879434,0.000174171141428375,0,0,0.00020930211474921,0,0,0,0.000130494356144127,0,0.000138829359123503,0
"OTU_409",0.000569116306529563,0.00013181861758555,0.000195545532392715,0,0.000216346835877792,0.000140322223698356,0,0,0,0.00028012773824833,0.000794666046447856,3.94531789398931e-05,0.000136515665172579,0.000360348734082623,0.0007361926087581,0.000338855876968721,0.000282469114624311,0,0,0,0,0,0,0
"OTU_41",0.00954484983242736,0.00832616429557923,0.00746861008173001,0.00284308606620999,0.00236016420690901,0.0055392097758148,0.002629077640924,0.0134863440258151,0.0146701953024948,0.00758774141366699,0.00375363806360825,0.0252098518037629,0.013437337393819,0.0160647425142334,0.00738310638384253,0.0118687139716297,0.00554159893603024,0.0157456265348264,7.98955108421629e-05,0.000507338680094087,0.00145890295062084,0.001114998990408,0.00301835438962234,0
"OTU_410",0.000986535781071018,0.000994523031132054,0.000243643518486313,0.000191468353441932,0.00191810721449389,0.00169635449303952,0,0.000253464822533051,8.99836434289031e-05,0.000661101476397387,0.000232585184325138,0.000256427068695786,0.000997322778348731,0.000291497515161426,0,0.000169428355995183,0,0,0,0,0,0,0.000453080867668259,0
"OTU_411",4.86762736786232e-05,0.00018164903406267,0,0,0,0,0,0,0,0,0,0,0,0,0,0,0,0,0,0,0,0,0,0
"OTU_412",0.000775293221639611,0.00102336084773219,0.00114752565888171,0.000105813467027611,0.000377819301691995,0.00064123638119451,0.000232734848856074,7.67985020533585e-05,9.3509076526609e-05,0.00155807807948556,0.0014716026084561,0.000169115302503366,0.000114469256761208,0.00049613012556451,0.00121320776261249,0.000372315748562599,0.00027447171384578,0,0,0,0,0,0.00216057551070073,0
"OTU_413",0.00015191836516074,9.79083692805479e-05,0.00010391136524042,0,9.10263607226524e-05,0.000105921332187962,7.11154583111284e-05,0.00012726859718142,8.28221361499053e-05,0.00019070669318848,0,0.00018045064140581,0,0.000143260186848016,0,0,0,0,0,0,0,7.90550788418288e-05,0,0
"OTU_414",8.24235852856398e-05,0,0,0,0,0,0,0,0,0,0,0,0,0,0.00053617386331141,0.0002710853580021,0,0,0,0,0,0,6.16315126729487e-05,0
"OTU_415",0.000235841766616127,0.000171597158908654,0.000172103999173016,7.8223026469386e-05,0.000248179723670515,0.000160382278113358,4.93454799979368e-05,0.000369258469064687,0.000103719854581592,0.000173062584864471,0.000290735286186197,0.000165782777729931,5.30948881752313e-05,0.00012528101280039,0.00614290332809953,0.00790576442975842,0.00989135551319487,0,4.62442714909044e-05,0.000771811844271757,0.00133283660262716,0.00312187153817383,0.0247536353000471,0
"OTU_416",0.000200171636096191,0.000163681671545084,0.0006699955511506,4.0096725639697e-05,7.46219156272463e-05,6.32256840793211e-05,0,0,0.000364385656382423,0.000817972729585597,0.000368259424327007,5.96706869293717e-05,0.000106178850689783,0.000142189619741075,0,0.000214609241766328,0.000200202022040423,0,0,4.01044173192749e-05,7.97465509616709e-05,0,0.000585614621738919,0
"OTU_417",0.000415680443632051,0.000444181217902202,0.000307188289990984,0.000138982917984807,0.000488078116439704,0.000314306727285337,0,0,0.000208321642309622,0.000347358533153729,0.000694976231207726,0.000324571198361262,0.000544235265066264,0.00263636374567325,0.00374599733770849,0.00287126569239682,0.00183155869363336,0,0.00018313247340197,0.000905944440010772,0.00292663528053427,0.000349595177037054,0.00081114382721084,0
"OTU_418",0.000580469864362387,0.000357276313088718,0.00101724668465795,0.000191371191221472,0.000246488528662581,0.000445845198913362,0.00166936365137499,6.69328208529327e-05,0.00473279921114376,0.00058015310223096,0.000367813611495864,0.0001837994966025,0.000852431391766552,7.47621734781857e-05,0.000285959393760799,0.000504650891072225,0.000567854925296603,0,0,0,0,0,0,0
"OTU_419",0.000243312382788756,0.000147329316167967,0.000291799154810684,0,0.000605358507844527,0.000515962259651166,0,4.78235502290748e-05,8.5187129344303e-05,0.000257717519190265,0.000523317134237555,0.000185429392807342,0.000314744450258982,0.000256136302385569,0.000232342007434944,0.000146837902251083,0.000136501378664995,0,0,0,0,0,0.000215755050209272,0
"OTU_42",0.00272791301543548,0.00210174462649926,0.0020236763121491,0.000763554888767996,0.000839753886901046,0.00100494222997656,0.00401293633634477,0.0040527906248813,0.0054429279654037,0.00280638380244948,0.00135520532600106,0.0052070947677068,0.00108814204701045,0.00184110344705541,0.00143640021006746,0.00311661906850743,0.00166413303674769,0,0,5.87340248677495e-05,0,0.000128269061266577,0.000374245512608691,0.0048780487804878
"OTU_420",0.000183553669916436,0.000112285153121724,0.000450202147791352,0,0,0,0,0,6.19488386150783e-05,0.000168076546509937,0.000232413085556525,3.98563481405518e-05,7.72710987089288e-05,0.000219842591002029,0.000261657673557356,0.000239107488237853,0.000161327260891756,0,0,0,0,0,0,0
"OTU_421",7.20664740299043e-05,0.000138459907137347,0,0,0,9.01990841376508e-05,0,0.000112229730596392,0,0.000155585753770368,0,9.12160267245786e-05,0.000698749186342823,0.000134893201081816,0,0.000263825479307954,0.000131591884758058,0,0,0.00158057351201124,0.00199316019988647,8.44072238264246e-05,0,0.0048780487804878
"OTU_422",0.000259096792527485,0.000271738657033093,0.000217891382459133,8.44011044478734e-05,0.000165844867223335,0.000279040027570006,0.000133422901865783,0.000274632721166244,0.000468493948874462,0.000705922579361762,0,0.000264280985942482,0.000219941948199416,0.000355486932509876,0.000857878192939156,0.000169407258211447,0.000301059899207485,0.0462845009813116,0.956667101294941,9.82926598636081e-05,0.000297747994853978,4.34428882986528e-05,0.000102127054307222,0.00975609756097561
"OTU_423",6.24646307683168e-05,0,7.01151644141257e-05,0,0,0,0,0,0,0,0,0,0,0,0,0,0.000197549687760527,0,0,0,0,0,0,0
"OTU_424",0.000380618005167907,0.000477354415816574,0.000227157196856505,6.43666421870032e-05,0.000116687676689337,5.430875194608e-05,0,0.000382980312336982,0.000162888821255317,0.000480024994041256,0.000206843326562321,0.000467286410772857,0.000170643078432113,0.000933107892810013,0.000573127815365209,0.00073011989583731,0.000507424730577106,0,0,0,0.000108241520586552,0,0,0
"OTU_425",0.000143545659574782,9.33790552186373e-05,3.61251912385788e-05,0,0,0,0,0,0,0.000157500509478836,0,0,0,0,0,0,0,0,0,0,0,0,0,0
"OTU_426",0.000118593867496901,6.77270390668067e-05,4.76497041958815e-05,0,8.29131346437548e-05,6.76514220302264e-05,0,0,0.000239932658207109,0,0,0.000108409383211075,6.85652631255426e-05,0.000192065127558987,0.000284844488069294,0.000445438247578841,0.000230713692110654,0,0,0.00025568967222882,0.000305522616883427,0.00101640752531435,7.39731600757623e-05,0
"OTU_427",4.31562578181211e-05,0,0,0,0,0,0,0,0,0,0,0,0,0,0,0,0,0,0,0,0,0,0,0
"OTU_428",7.46703742428219e-05,4.00062203197788e-05,0,0,0,5.41934434965669e-05,0,0,0,0,0.000291047106993535,0,0,0,0,0,0,0,0,0,0,0,0,0
"OTU_429",8.61967291063975e-05,9.13996988244823e-05,7.84002440249202e-05,4.99226996243536e-05,5.58090369316916e-05,0,0,6.55874533146894e-05,0,0,0.000229249829690058,0,0,0.000101372706145672,0,0,0,0,0,0.000159112696190791,0,0,0,0
"OTU_43",8.37909551244258e-05,0,8.98639339538261e-05,0,0.000121879370650152,0,4.90561378865585e-05,0.000170264866993009,9.97815013929705e-05,0,0,0.000153419243611791,0,0,0,0.000314068393168302,0.000183213412937052,0,0,0,0,0,0,0.00487805444197295
"OTU_430",4.75242130594653e-05,0,2.98170194683927e-05,0,0,0,0,6.70216606029382e-05,0,0,0,4.48353361770971e-05,0,0,0,0,0,0,0,0.0240187753974171,0.0458746565440015,0.00126004438176396,0.000289076807034515,0
"OTU_431",0.000412118643069931,0.000131818619573624,0.000350062496047397,0,0.000310925508979224,0.000270967217456926,0.000103108497084862,0,0,0.000179281762236925,0.000484552467341164,0,6.06736289655905e-05,7.8206650409163e-05,0,0.000463345005948216,0.000254802573505992,0,0,0.000109375683598022,8.69962374127319e-05,0.000221163803661516,7.3973160071754e-05,0
"OTU_432",0.000167383767735153,0.000215331327188529,0.000128265075531337,0,0.000260858794833061,0.000370870569084295,0,0,0,0,0.000365233776045992,6.70429500596549e-05,0.00022039144776789,0.000334846011924312,0.0010008578781631,0.00123073132888467,0.00130054585333153,0,0,0.00010321314028177,0.000278648191449799,0.000239965338902479,0.00570110680037217,0
"OTU_433",0.000117669182880035,9.14591292822835e-05,3.74114654787231e-05,0,9.08408155679728e-05,8.851760646579e-05,0,0,0,0,0,4.92774694228868e-05,0.000103383113226637,0.000208907515308541,0,0.000248333696175074,0.000458662103087141,0,0,7.16780692834639e-05,0.000141095532512247,4.78636526650755e-05,0.000169521825160669,0
"OTU_434",7.00850341843837e-05,0,0,0,0,0,0,0,0,0,0,0,0,0,0,0,0,0,0,0,0,0,0,0
"OTU_435",8.60089266330698e-05,0.000111000098236943,6.40281239955495e-05,0,7.21916682917806e-05,0.000125291425712018,0.000116746962178876,0,0,0,0,6.72358421504872e-05,0,0,0,0,0,0,0,0,0,0,0,0
"OTU_436",0.000160922517770167,5.99176173435908e-05,0.000173692027560654,0,5.80506738454578e-05,0,0,0,6.15201147113525e-05,0,0,3.94531789398931e-05,0.000117555156120832,0.000184852082786572,0.000268027204679185,0.000180723571899641,0.000136501378663241,0,0,4.29398535711654e-05,0.000115994983198693,7.10883628350039e-05,8.01386175732258e-05,0.0048780487804878
"OTU_437",0.00065761049797906,0.000379221611228256,0.000133585915392092,4.71166994447838e-05,7.04639123682489e-05,0,0,0,0,0,0,0.000110468901031701,0,0,0,0,0,0,0,0,0,0,0,0
"OTU_438",0.000473892818186158,0.000335401155980348,0.00018678692965546,0.000111034802548882,0.000811471934335494,0.000742651708977432,0.000251009595423108,8.13000353830976e-05,0.000137316278583291,0.000394366299208956,0.00130026576059735,0.000125150561886957,0.000104095249249196,0.000248985148426176,0.000285972177784622,0.000225876855580016,0,0,0,0.000101717463556563,0.000180860950889402,0,0.000156999276392425,0.0048780487804878
"OTU_439",6.08248353329683e-05,5.51057147353727e-05,4.69432734338311e-05,0,0,4.75680717156342e-05,0,6.83772343688574e-05,6.4171968980108e-05,0,0,6.47879049103243e-05,0,0.000138253988855449,0,0,0,0,0,0,0,0,0,0
"OTU_44",0.000826611757199297,0.000935987502005044,0.000731553568991344,0.000287327635582601,0.00143544366198458,0.00226274379625575,0.000447034868476035,0.000866548123921425,0.000531561621777279,0.00109073815372409,0.000609764251266141,0.000973380401683598,0.000257862975253274,0.000494668508296916,0.00375197753135119,0.0086695850714241,0.00772722524735428,0,0,0.00566615379398202,0.00912957342772066,0.0120751106782842,0.0611224599663053,0
"OTU_440",0.000427787320179704,0.000210726030796614,0.000328844168475104,0,0.000115409496090374,0.000265664217989529,0,0,0,0.000447713375204515,0.00049628346792443,6.73405490208402e-05,0,0.000199071473768778,0.000339585984001225,0.000316218798674344,0.000309403123677653,0,0,0,0,0,0.000351932282364381,0
"OTU_441",5.65241065767427e-05,0,0,0,0,0,0,0,0,0,0,0,0,0,0,0,0,0,0,0,0,0,0,0
"OTU_442",5.65815491184448e-05,4.07323572801373e-05,0,0,0,0,0,0,0,0,0,0,0,0,0,0,0,0,0,0,0,0,0,0
"OTU_443",7.84987891561773e-05,0,0,4.63704072633208e-05,0,0,0,0,0,0,0,0,4.92973235345423e-05,0,0,0,0,0,0,0,0,0,0,0
"OTU_444",0.00024991973222098,9.66741392910518e-05,0,0.000293089389090532,0,0,0,0.000410891108509321,0,0.000246431617301081,0,0,0.000172707113777191,0.00133230053921264,0,0,0,0,0,0,0,0,0,0
"OTU_445",0.000447443264267449,0.000315565796625655,0.000691488994142014,0.000188151348694866,0.000328294574161592,0.000352257385545354,0.000174836147149274,0.000234335396122467,0.000194059434644316,0.000517435673035404,0.000290731480404698,0.000145976762077454,0.000720446518763034,0.000391033256353957,0.000786388332775551,0.00419014591961632,0.00207218661355082,0,0,0.000266255747947636,0.000405982441259425,0.000533243193011094,0.000191121347067975,0
"OTU_446",0.000123110956058152,0,0,0,0,0,0,0,0,0,0,0,0,0,0,0,0,0,0,0,0,0,6.78107613147148e-05,0
"OTU_447",8.63486680760358e-05,7.58955683544064e-05,5.04993246726955e-05,0,8.7058901565402e-05,0,0,0,0,0,0,0,4.17131199138434e-05,0.000305683029017696,0,0.000316266298157963,0.000336703399945902,0,0,0.000247934512079822,0.000152348769314886,5.92403023625033e-05,7.39731599901982e-05,0
"OTU_448",0.000262567621916924,0.000307583108112989,9.80207388661864e-05,0.0002475905797525,0.000178263503390006,0.000135487534361548,6.72446719804901e-05,0,0.000849317613821382,0.000402368095397274,0,0.000291128160788515,0.00157358248945947,0.00432241074961981,0,0.000568648512675243,0.000535068228860095,0,0,0,0,0,0,0
"OTU_449",0.000105322546944066,0.000111855160528321,5.60168406096844e-05,0,9.12045634311211e-05,0.000103873638960673,0,0,0,0,0,5.9368062524127e-05,4.17131199138434e-05,0,0,0,0.000445904094110569,0,0,0.000285007994687146,0.000705237665485641,0,0.000680985592631626,0
"OTU_45",0.00333336306920481,0.00150190669519266,0.000470500319213648,0.000434915665554199,8.28621165292885e-05,0,0.000398803117746092,0.00108981392422754,0.000445683504877911,0.000714555001073313,0,0.00105621350260332,0.00101321432475126,0.00247917340055337,0.00346584596911473,0.00214766659582027,0.00148335182934142,0,0,0.000127604413616477,0.00110920146131907,0.0105718768169906,0.000326959141046201,0
"OTU_450",7.41666037975505e-05,5.69966901116234e-05,8.76497330630922e-05,0,5.804615451931e-05,5.45638433198103e-05,0,0,0,0,0,0,0,0,0,0,0,0,0.000175751682000428,0,0,0,7.67557864755578e-05,0
"OTU_451",7.42880851778162e-05,0,0.00525604678302552,0.00420924288978553,0,0.000235739342270015,0,0.00307981691124929,0.00111743608446973,0,0,0.000238663058009809,0,0.000109283360581787,0,0,0,0,0,0,0,0,0,0
"OTU_452",0.000113823254501101,0.000133210841857859,0.000130385078183585,0,0.000349293780104258,0.000112901614072878,0,0,0,0,0,0.000120953848289471,0.00027880593581089,0.000199678147097772,0.000216704737670854,0.000441022150661905,0.000534308071648283,0,0,0.000123959127025861,8.86598380557771e-05,6.65270317326056e-05,9.64832237007796e-05,0
"OTU_453",0.000900853495935304,0.00110274503087057,0.000288450657852519,0.000107961379772564,0.000250989198555484,0.000397397288316102,0,0,0,0.000683446663349464,0.000580423777105148,0.000122245129512476,0.000121347257931181,0.000185252000423587,0,0.000146900189600402,0.000145601472905332,0,0,0,0,0,0.000567136708646519,0
"OTU_454",0.000271752183326253,0.000211709650881056,0.000182346923251396,9.25309053678526e-05,0.000203137446761263,0.00011741912757588,0,0,0,0.00121341065922252,0.000213203085630161,0.000926013907365175,0.000124990909703037,0.000305781806051748,0.000501582063460171,0.00105145128801705,0.00155355808769904,0,0,8.38638610744738e-05,0.000566394894218637,0.000197467674541678,0.0017477695032498,0
"OTU_455",0.000611702157689181,0.000582188454787367,0.000149514124575896,0,0.000169201887784894,0,0,0,0,0,0.000368260145197883,0,0,0,0,0,0,0,0,0,0,0,0,0
"OTU_456",7.06810937760891e-05,0,0.000172787268590643,0,0.000125569946217068,0,6.72448418801488e-05,0,6.62524340993682e-05,0,0,0.000157519686476488,5.30931417971482e-05,0,0.00774902234189219,0.0039392113562906,0.00592929197012308,0,0,0,0,5.28700850262152e-05,0.0001418938458925,0
"OTU_457",8.67519664461235e-05,0,0,3.9255236020374e-05,0,0,0,0,0.000106630620627719,0,0,6.00051317770544e-05,0.000117653005894875,0,0,0.000244640920928972,0.000128968540153962,0,0,0,0,0,0,0
"OTU_458",0.00113825883004743,0.000675604254053979,0.00102280023564193,0.000144624946674797,0.000936160029520086,0.000456771833924452,0.000287511278708728,0.00010999403283684,0.00199771726819233,0.000618049734656525,0.00106664700907287,0.00059807874207948,0.000185873350026542,0.000547442873255818,0.000250214469545325,0.00047438435082493,0.000443821773417091,0,0,0.00388713817141912,0.00131675169560548,0.000138455864692372,0.000834927893679604,0.0048780487804878
"OTU_459",0.000235496365914857,0.000299584830530139,0.000316455982895893,5.86029067041725e-05,0.000344090048376053,0.000415468642469935,0.000143455300225045,5.78980121810378e-05,0.000323411644602985,0.000168076642949185,0.000329495741923088,5.78932891022018e-05,5.68815271552411e-05,0.000184936257122984,0,0,0.000118301194861115,0,0,0,0,0,9.22124696819711e-05,0
"OTU_46",0.00543476237528696,0.00798790146921512,0.000406307404176166,0.000473551071549586,0.00133710915790342,0.00140307152070345,0.000139466721994355,0.000114394224399993,0.000241292849049593,0.00623216339382735,0.00156755948316212,0.000235308966288635,0.000511944738396067,0.00121841063894923,0.00205734902283017,0.00329896383451972,0.00211183794383583,0,0,0,0.000119678900747561,8.29434298504582e-05,0.000239299372080471,0.0048780487804878
"OTU_460",4.90456126340907e-05,0,0,0,0,0,0,0,0,0,0,0,0,0,0,0,0,0,0,5.10419856790772e-05,0,0,0.000249125927320324,0
"OTU_461",0.000123551736478187,8.1247973702571e-05,4.42224137871939e-05,0,6.23168380415115e-05,0,0,0,0,0,0,0,6.25810308113166e-05,0.000220010651007501,0.000263247227094491,0.000210340637031392,0.000105423371599613,0,0,0,0,0,0,0
"OTU_462",5.96791437648403e-05,6.2225651798023e-05,0,0,0,0,4.49210505395773e-05,0,0,0,0,0,0,0,0,0,0,0,0,0,0.000101495608505187,0,0,0
"OTU_463",0.000246780581152111,0.000175496442449445,0.00015859643374062,8.45804889661327e-05,9.94040417440787e-05,9.68846653028951e-05,0.000382042760986104,0.000170921342990605,0.000389649789123124,0.000185271235825343,0,0.000127992911874742,0.000585432817959023,0.000641493216883965,0,0,0,0,0,0,0,0,0,0
"OTU_464",5.18382458288329e-05,0,6.0845269555154e-05,0,0,0,0,0,0,0,0,0,4.17131200979188e-05,0,0.000332984398344431,0.000406626476057445,0.000412859987713965,0,0,4.37494990124957e-05,0,6.71411543700466e-05,0,0
"OTU_465",0.000516578342808525,0.000427210861112719,0.000103618761386079,0,8.7058901565402e-05,0,0,0,0,0.000369806625457461,0,0.000119699205240971,0.000341289089928106,0.000434062997151608,0,0,0.000154691162981003,0,0,0,0,0,0,0
"OTU_466",0.000200174460434844,0.000169882472078793,0.000283196260003828,3.39290648622578e-05,8.68235051221462e-05,6.77810376379337e-05,0,0.000101278065883873,0.00010884327987256,0.000156564924566036,0,9.46874916525973e-05,0.000109973333266815,0.000246376400577822,0.00034108869257151,0.000451780674398599,0.000564944511347533,0,0,4.73909501275183e-05,0,6.31891323248259e-05,0.000274996305154523,0
"OTU_467",0.000720257670926588,0.000439659779470856,0.00044935786636239,0.000263696606106625,0.000165139045045819,0,4.93127594524003e-05,0.000963850604572839,0.000120629032114218,0.000974898200617048,0.000368255988046666,0.000224866376622374,0.000287128685511981,0.00112799190399433,0,0.000293684110387967,0.000598762164553749,0,0,0,0,0,0,0
"OTU_468",6.69848039171997e-05,0,8.65180754682871e-05,0,9.96695343436281e-05,6.93330506823703e-05,7.21162133579266e-05,0.000109301965303393,0,0,0,0.000107711122475896,4.17131223261506e-05,0,0,0,0,0,0,0.000324892263433608,0.000179574327115055,0.0154333738319689,0.0025173746320354,0
"OTU_469",0.000540191665275875,0.000384261693415369,6.7044667203597e-05,0,0.00286576981866763,0.000809531597473446,0,0,0.00178041122366068,0.000207996251118004,0.00120541071580898,0.000360692281992155,0.000128196730647239,0.000128073257847064,0.000216353933892699,0.000223546309939621,0.000210111746803993,0,0,0,0,0,7.08952132407408e-05,0
"OTU_47",0.000965670883187973,0.000704712822586437,0.00157873371673437,0.000233458870365058,0.000165913085073382,8.12901644254651e-05,0,0.000142209053224179,0.000126014273037276,0.0013222029308969,0.00021369503881882,0.000213078208518594,0.000489365250696682,0.00219409678589556,0,0.000259790134815627,0.000227585954927472,0,0,0,0.000101495610314854,0,4.9315440047836e-05,0
"OTU_470",6.25439455986718e-05,0,0,0,9.12138553853515e-05,6.83311624250904e-05,0,0,0,0,0,0,0,0,0,0,0,0,0,0,0,0,0,0
"OTU_471",0.000113891105601643,7.38016088622351e-05,6.76205975024046e-05,5.0354036398291e-05,7.04701364176775e-05,7.6744697045254e-05,0,0,0.000108825043385161,0,0,4.58240908226976e-05,0.00134930714111462,0.0141471984067698,0,0.000220097656019572,0.000370430800083225,0,0,0,0,0,0,0
"OTU_472",7.84309278506557e-05,5.80169923148173e-05,3.599785831803e-05,5.86067711285707e-05,4.97540609821518e-05,0,0,0,8.04676171623282e-05,0.00015504812596341,0,0.000101530532724697,0.0002405928201601,0.00200541816034393,0,0.000254301720223206,0.000257475541776251,0,0,0,0,0,0,0
"OTU_473",0.000295598729154128,0.000178708806936777,0.000226442122217443,0.000420696095183712,0,0,5.48397055690345e-05,0.00104702747472997,9.28281849113643e-05,0,0,0.000398511679312455,0.00260085304498966,0.00107507976655185,0,0,0,0,0,0,7.99690716263685e-05,0,0,0
"OTU_474",0.000162775421748311,0,7.64956775366554e-05,0,0.000159630499680911,0.0001003848186025,0,0,0,0,0,7.29584816328289e-05,0.000169485915976334,0.00122198923699725,0.00139280516527432,0.000797136015799081,0.000709311632298607,0,0,0.000753976421580229,0.00237187229514934,0.000168678030596188,0.000283220527871548,0
"OTU_475",0.00020456114832918,0.000100491825337023,6.81016368535601e-05,0,0,0,0,0,0,0,0,0,0,0,0,0.000237195452674734,0,0,0,0,0,0,0,0
"OTU_476",9.45091553316748e-05,0,3.70926909133171e-05,0,9.20985134479356e-05,0,0,0,0,0,0,6.21577028447813e-05,0.000226456318836754,0.00161659049394868,0.000702053633444056,0.000331641169082144,0.000522017706964282,0,0,0,0,0,5.91730340122251e-05,0
"OTU_477",6.31133919043766e-05,0,4.49940941021175e-05,0,7.70994001927733e-05,0,0,0,0,0,0,0,0.000140593115953708,0.000545237003906419,0.000507614563453842,0.000251992287510276,0.000233753422704211,0,0,0,0,0,8.76014098311257e-05,0
"OTU_478",4.86869296905979e-05,9.61171731094215e-05,0,0,0,0,0,0,0,0,0,0,0,0,0,0,0,0,0,0,0,0,0,0
"OTU_479",7.53660007992905e-05,5.19285582093747e-05,5.60099147109874e-05,0,0.000116078535418203,5.94081761907161e-05,0,0,0,0,0,0,0.000295783941207254,0.000234619761507318,0.000339576780097226,0.000643827725251311,0.000764409104114115,0,0,4.01043674172101e-05,0,5.13415953808362e-05,0,0
"OTU_48",0.0258407761531274,0.0151698941263331,0.0114463187224218,0.00475732328559361,0.00406613066250853,0.00438939471148307,0.000720710946027771,0.0160343556213396,0.00848900868170901,0.0209647260887711,0.010269824098027,0.016529455618062,0.00246704565768812,0.0079469541346063,0.000947240339568506,0.00196342002829727,0.00160643135910705,0.0161356809133569,0.00010636182203939,0,9.06299601498743e-05,0,0.000551695039725059,0.00975609756097561
"OTU_480",0.000100897051611953,0.000158441090528268,3.72242608552845e-05,0,5.37554288823119e-05,0.00017991279488611,5.92692280567169e-05,0,0,0.000235835399667407,0,0,0,0,0,0,0.000118676810723598,0,0,0,0,0,0,0
"OTU_481",0.000207976204488336,8.59006597012607e-05,8.78771797063975e-05,0,9.53568473715133e-05,0,0,0,0,0,0,0,0.000303550677266974,0.000421887809033733,0.00225913101994668,0.00108597892120652,0.000809777485903651,0,0,0,0.000191628193229626,6.31899750007901e-05,0,0
"OTU_482",5.10182356712119e-05,9.75073658209673e-05,0,0,0,0,0,0,0,0,0,0,0,0,0,0,0,0,0,0,0,0,0,0
"OTU_483",4.30527904642192e-05,0,0,0,0,0,0,0,0,0,0,0,3.7921018103494e-05,0,0,0,0,0,0,0,0,0,6.47265150627847e-05,0
"OTU_484",0.000120487483222853,0,0,0,0,0,0,0,0,0,0,0,0,0,0.00064340863596936,0.000271085388935658,0,0,0,0,0,0,0,0
"OTU_485",4.82908512795112e-05,0,0,0,0,0,0,0,0,0,0,0,4.92973235345423e-05,0,0,0,0,0,0,0,0,0,0,0
"OTU_486",9.81175496501215e-05,0,0,0,0,0,0,0,0,0,0,0,0,0,0,0,0,0,0,0,0,0,0,0
"OTU_487",5.54422417887174e-05,0,0.000305947000967933,0,6.21560424780203e-05,0.000123871686815487,0.000286900521535899,0,0.000151548484304757,0.000243879281234917,0,0,0,9.35160968892867e-05,0.000327343483283117,0.00044051250079862,0.000100648368961631,0,0,0,0,0,0,0
"OTU_488",0.000130458704386683,8.19738124406571e-05,0.000919115276212778,0.000107399473350328,0.00117243915264385,0.000829249581414796,0,0,0,0.000212851637337277,0.00199633266333661,0.000146250771093939,7.0587692698533e-05,0.000258904249593774,0.000493500931079404,0.000583039809060022,0.000493619834031457,0,0,5.02164435825873e-05,0,8.01326210378914e-05,6.1644300059795e-05,0
"OTU_489",0.000577896836087519,0.000255646293728136,0.000293444851096051,7.40247242579021e-05,0.000443681619060307,0.000248363411668867,0,0,0,0.00012285880617745,0,0.000260390943600121,0.000981412705673589,0.00109353551912946,0.00302044633066788,0.00269005842529809,0.0041154528838116,0,0,4.37502734430471e-05,0.000208513444365771,0.000434428889471171,0.000665850920542654,0
"OTU_49",0.00529078151250639,0.00326922561850457,0.000688249028111513,0.000237639943554937,0.000165372651795944,0.000150375348718038,0,0.00162411662204247,0.000328686399037508,0.0046395429905974,0.00300599497154231,0.000513059646300175,0.000781621150960411,0.00287147010708215,0,0.000116063467546838,0.000215621286490955,0,0,0,0,0,0,0
"OTU_490",0.000656342950546057,0.000406576361564063,0.00066264355603967,0.000151150069220442,0.00088549514895309,0.000438016981330523,0,0.000405523973772345,0.000203489311903742,0.000190498254632066,0.000387641973872931,0.000568628915340155,0.00366811936047155,0.00238178173994333,0.00408605795147299,0.0026133874440671,0.00757965282482044,0,0,5.83336979189453e-05,0.000246489392659109,0.000201713300327662,0.00049623610665789,0
"OTU_491",4.31743082030432e-05,0,0,0,4.7926199660506e-05,0,0,0,6.16158128051663e-05,0,0,4.73922769972017e-05,6.82578315862385e-05,0.00012796907398519,0.000725388346061155,0.000127030617925178,0.000133532966205199,0,4.62629101924235e-05,0,0,0,0,0
"OTU_492",0.000125598071609989,5.99178689054739e-05,0.000188908969191076,0,0,0,0,0,0,0,0,0,0,0.000120598798857439,0,0.000237199690097328,0.000172902528255554,0,0,0,0,0,0.000277232201054994,0
"OTU_493",5.10242129515175e-05,0,4.76083790668072e-05,0,4.14566197930486e-05,0,0,0,0,0,0,0,4.17131203145085e-05,0.000113755127867887,0,0,0.000148227461605716,0,0,0,0,0,0.000135617239297935,0
"OTU_494",0.000264618001930697,0.000167268134900036,0.000217730862628218,3.70123326683177e-05,0.00125817068771595,0.000674260857551471,0,0,5.09237992396596e-05,0.000268966879103117,0.000232584439943503,8.37033911547519e-05,0.000121347312198731,0.000170632691813927,0.000196597115678905,0.000677713397572922,0.000729523234708872,0,0,0.000108744135992834,0.000126477234356786,7.10829750843791e-05,0.00178551146438955,0
"OTU_495",0.000286499815957837,0.000277528600011025,0,8.32778147901399e-05,0,0,0,0,0,0.000156677611045746,0,0,0,0,0.000321704317991046,0.00019201879625866,0.000291234144532911,0,0,0,0,0,0,0
"OTU_496",0.000177299514166488,0.000113887509527162,0.000218809093212379,9.55197918491865e-05,0.000159409664919925,9.67233422494156e-05,0,0,0,0,0,5.51621613750355e-05,0.000122871482011914,0.00014278303920603,0.000194559815889145,0.000261368434749142,0.00034292838431016,0,0,7.00551447613644e-05,0.000115999222054681,6.30011276093273e-05,0,0
"OTU_497",0.000129523002527844,6.3668026593102e-05,9.52167581494343e-05,4.62654526611888e-05,0.000127406457355238,0.000140137100701657,0,6.21706152977972e-05,8.99140138088996e-05,0.000134461314359348,0,0.000137559128654137,0.000106154270165967,0.000540283915595055,0.00026837987044758,0.000282380581252188,0.000209301956980817,0,5.08686986364576e-05,0.000116667395837891,0.000188491847727608,0,5.54798700538155e-05,0
"OTU_498",0.000145222759938902,9.61312850665018e-05,3.64064075277249e-05,5.16166209963285e-05,5.37993311645097e-05,5.42419419962106e-05,0,9.56471004645644e-05,0.000141969255696849,0.000190486857406566,0,5.57614427667985e-05,0.000862822830041618,0.00125055568855977,0,0,0.000118295294211376,0,0,5.83336979189453e-05,8.69962374127341e-05,0,0,0
"OTU_499",0.000211946730722205,0.000183616405607268,0.000164037266414435,0,0.000169972142256983,0.000157892128746744,0,0,0,0,0.000329495677746925,8.67969936756086e-05,0.00012893146155188,0.000255949052560727,0.000196597083214184,0.000266328511038829,0.000263902665416921,0,0,6.92712662787476e-05,0.000239278247871514,0,0.006180348968901,0
"OTU_5",4.50177115536863e-05,0,5.82083972444195e-05,0,0,0,0,0,7.3964463145263e-05,0,0,0,0,0.000204078759680913,0,0,0,0,0,0,0,0,0,0
"OTU_50",0.000625249732235651,0.000596449349041707,0.000207284003883916,4.54356409106081e-05,9.39115495812405e-05,0,0,0.00020465568738325,0.000138461942666699,0.000639883063423139,0.000308086356641599,0.000192947137549238,0,0.000105157356490321,0,0,0,0,0,0,0,0,0,0
"OTU_500",0.00019232203342778,0.000159780142523887,9.24162652626862e-05,0,0.000116080395947938,0.00019870929276512,0,4.78235502290748e-05,0.00044483775252824,0,0,7.10157220917384e-05,0.000546062660687958,0.00017063269180181,0,0.000259790134752013,0.000165683409764791,0,0,0,0,0,0,0.0048780487804878
"OTU_501",5.17371953572417e-05,0,3.64064075277249e-05,0,7.46219154565788e-05,0,0,0,0,0,0,0,0,8.53163459009051e-05,0.000607663668471314,0.000866294785257632,0.00060038987363439,0,0,8.75005407322061e-05,0,0,0.000138699675126007,0
"OTU_502",6.15813429114793e-05,5.2639815896497e-05,4.41970629955652e-05,0,0,0,0,0,0,0,0,0,7.28317041028127e-05,0,0.000264930969835554,0.000329987446103796,0.000127690894768659,0,0,5.10426992438372e-05,9.47195242111612e-05,7.47814542830875e-05,0,0
"OTU_503",8.62807088315846e-05,4.39396716173014e-05,0,0,0,0,0,0,0,0,0,0,0,0,0,0,0,0,0,0,0,0,0,0
"OTU_504",0.000153104881482964,0.000101801710579523,0.000144104411718021,4.9354504031396e-05,0.000212127680740148,0.000126460827788141,0,0,5.67877981950945e-05,0.000145666423889294,0,0.000145977881837183,0.000497945990536311,0.000686155909415893,0.000232144117590542,0.000892348258943108,0.000865499564657277,0,0,0.000124005356628722,0.00025373902578555,8.99798582833548e-05,0.000484779344348632,0
"OTU_505",0.000231574907398731,0.000171763654150823,8.96157723759394e-05,0,0,0.000108386889124639,0,0,0,0.000650080871247073,0.000663738969282792,0.000114414220119973,5.68815271552411e-05,0.000497678684421949,0,0,0,0,0,0,0,0,0.000258883968083026,0
"OTU_506",0.000147174652814043,0.000437346749756702,0.000111012227923923,0,9.95004138218539e-05,0.000321725970181823,0,0,0,0,0,0,0.000231242101154312,0.000203495902957488,0,0,0,0,0,0,0,0,0,0
"OTU_507",7.84983817111119e-05,0,0,0,0,0,0,0,0,0,0,0,0,0,0,0,0,0,0,0,0,0,0,0
"OTU_508",9.72637228601719e-05,4.74779623372041e-05,5.022209680911e-05,0,0,8.13507876278269e-05,0,0,0,0.000167526700335611,0,5.1164266537322e-05,0,0.000190968964168745,0.000705490281928471,0.000742975824207335,0.000741241095176925,0,0,0,0,4.35528169316588e-05,0.00022808383973219,0
"OTU_509",6.13797980458217e-05,4.62025087734402e-05,6.90773051501713e-05,0,6.94036807578674e-05,5.67099328066494e-05,0,0,0,0,0,0,0,0,0,0,0,0,0,0.00722945256720777,0.00995445695721072,0.00197165156439049,0.000447153406106531,0
"OTU_51",9.06517123840522e-05,8.3194917905633e-05,0.000115557150738539,0,0.000191703245886345,0.000131608792764525,0,0,9.22116671058383e-05,0.000162363647345083,0,5.28210761001895e-05,0.000122998095806058,0.000424586942683098,0.000733143449279158,0.000179765997236943,0,0,0,0,0,0,0,0
"OTU_510",4.16262983176916e-05,0,3.08053812153937e-05,3.12663394925278e-05,0,5.10219539058494e-05,6.27616936816941e-05,7.23674998100971e-05,0,0,0,0,9.78009610774281e-05,7.11042395005755e-05,0,0,0,0,0,0,0,0,0,0
"OTU_511",7.45738496983684e-05,3.9945171530359e-05,0,0,0,0,0,0,0,0.000112395891858952,0.000213236690277369,0,0,0,0,0,0,0,0,0,0,0,0,0.0048780487804878
"OTU_512",0.000167522162784621,9.0811020225511e-05,4.3020501645228e-05,0,0,0,0,5.15634671505264e-05,0,0,0,0,0.000202264451401116,0.000432364666853285,0,0,0,0,0,0,0,0,0,0
"OTU_513",4.31774181620492e-05,4.46125434065614e-05,0,4.92787766462781e-05,0,0,0,4.78237098328385e-05,0,0,0,0,0,0,0,0,0,0,0,0.000444794575273085,0.00123971895788588,0,0.000649650441415207,0
"OTU_514",0.000102047075071186,0.000163774637193106,5.04088719614652e-05,0,0,0,0,0,0,0.000369944149169301,0,0.000181958216889515,0,0.000206181169260521,0,0,0,0,0,0,0,0,0,0
"OTU_515",9.41678978808049e-05,5.12448667426331e-05,7.56133413461983e-05,0,8.97272348461386e-05,5.86917906942779e-05,0,4.78259057709797e-05,0,0.000156871528379549,0,4.32033884691963e-05,9.48025315454484e-05,0.000100555254420559,0.000214476541686933,0.000475833437642964,0.000353641576513251,0,0,0,0,0,7.45626618943274e-05,0
"OTU_516",4.70992734937064e-05,0,0,0,0,0,0,0,5.20554816788366e-05,0,0,6.70704041978182e-05,0,0,0,0,0,0,0,0,0,0,0,0
"OTU_517",0.000180537320096206,0.000174211940821584,0,0,0,0,0,0,0.000233413957704111,0,0,7.19497067056431e-05,7.20537076796624e-05,0.000202172439314883,0.000333114926281026,0.000170487869583945,0.000179475683036683,0,0,7.54373655323879e-05,0.000130619104325995,0,0,0
"OTU_518",4.75202199918082e-05,6.86214979163828e-05,3.66222333302997e-05,0,5.14220379306987e-05,0,0,0,0,0,0,0,0,0,0,0.000169428345921783,0,0,0,0,0,0,0,0
"OTU_519",7.4644548543986e-05,0.000179752660339373,7.84138194060201e-05,0,7.87675776067923e-05,6.32256840793211e-05,0,0,0,0.000257717545487733,0.000736489093224331,0,5.30894253448917e-05,0.000113755127867873,0,0,0,0,0,0,0,0,0.000708693915113929,0
"OTU_52",0.000896133035547004,0.000774057992930692,0.000496378115795496,0.00044257809849879,0.0002734544187401,0.000376492858628114,9.76716266941182e-05,0.00261862732659424,0.00116477178429866,0,0.000218466443535536,0.00103875956111357,0.000754278796040531,0.000529703602775409,0,0.00028261229882811,0,0,0,0,0,0,0,0
"OTU_520",0.000178739356616014,0.000152819040642653,0.000186879460985478,4.29875642526614e-05,0.000277552140076984,0.000131757722467735,0,0,0,0,0,7.37392242137357e-05,0.00030104222670121,0.000356064446368076,0.000427424505401745,0.000498013264331866,0.000430228671396055,0,0,0,0,0,0,0
"OTU_521",0.000140366690421201,0.000122678703979869,0,0,0,0,0,7.72654633508686e-05,0.000137085035034628,0,0,0.00010090926517796,0.0014789827119964,0.000738768089433332,0,0,0,0,0,0,0,0,0,0
"OTU_522",5.05925490700116e-05,6.3818214596408e-05,0,0,0,0,0,9.29544647836016e-05,0,0,0,0.000399819796568945,0,0,0,0.000520270148297373,0.000279342966900059,0,0,0,0,0,0,0
"OTU_523",0.000121591274501321,7.73532588835662e-05,0,0,0,0,0,0,0,0,0,0,6.14336414272717e-05,0.000356353958311242,0.000394072450647809,0.00060504800029994,0.000240638323038624,0,8.32430408553508e-05,0.000175028702599733,0.00118736358738378,0.000162305578282359,0.000165955669779455,0
"OTU_524",8.25114855725423e-05,3.99450356309718e-05,0.000288512225476434,0,0,0,0,0,0,0,0,0,3.7921018103494e-05,0,0,0.000384037590503634,0.000100061803255047,0,0,9.4788645895826e-05,0,0.000146125880813366,4.31269848521464e-05,0
"OTU_525",5.27703224389759e-05,4.15639057996033e-05,4.47836600342541e-05,0,0.000125774195323668,4.96773232272116e-05,0,0,5.30453750458738e-05,0,0,0,6.14345082671153e-05,0.000113722289358429,0.000339077620455978,0.000124831945113264,0.000149388830909754,0,0,0,0,0,8.33305771910803e-05,0
"OTU_526",5.8874091867133e-05,0,0,0,4.97479437516583e-05,0,0,0,0,0,0,0,9.85946470690845e-05,0,0.00019503759214815,0.000184376441966829,0.000292805973414271,0,0,0.000109375683366298,0,6.05556495410712e-05,6.78087300657745e-05,0
"OTU_527",6.40916147655529e-05,0,0,0,0,0,0,0,0,0,0,0,0,0.000328145104449358,0,0,0,0,0,0,0,0,0,0
"OTU_528",0.00030825552116565,0.000160944431676076,0.000775056108492903,0,0.000345208305736467,0.000405226606924719,0,0,0,0.000890389754687685,0.0012210722176771,0.00011441418543063,6.82578325862893e-05,0.00041945467468979,0,0.000169406943419793,0.000136501378663925,0,0,0,8.69962374127319e-05,0,0.00028962071500097,0
"OTU_529",0.000227646961545447,0.00015983978296492,0.000174768308193097,0,0.00011214916953544,7.22591616656575e-05,7.17276501125223e-05,0,5.67877981950945e-05,0.00028012773824804,0.0003294626023387,8.67969936340824e-05,4.17131199138434e-05,0.000170632691801763,0,0,0,0,0,0,0,0,5.23976550508257e-05,0
"OTU_53",0.00592071595306545,0.00575662020224628,0.00557543225378072,0.00499353476385995,0.000625268414215551,0.000515077259689275,0.00086648604077133,0.0144611635211779,0.00986461647965225,0.00166314300703513,0.00117289365280443,0.0179253961821596,0.000871389356754404,0.00578929656763241,0.000339559732548599,0.00108275709400872,0.000674752461600663,0.00509617607147271,0,8.38451891056503e-05,0.000558230114773717,0,7.59725507522882e-05,0.00991419073451285
"OTU_530",4.31743340358979e-05,0,6.16107818931275e-05,0,0,0,0,0,0,0,0,0,5.30894253448917e-05,0.000120864823359616,0,0,0,0,0,0,0,0,0,0
"OTU_531",0.000125598062665119,0,0.000162428589610207,0,0,0,0,0,0,0,0,0,0.00010997095250018,0.000412393875234634,0.000268087049222631,0.000542170795353603,0.000448148991458137,0,0,0,0,0,8.01375902604671e-05,0
"OTU_532",5.48598185492549e-05,6.10433378106508e-05,0,0,0,0,0,0,0,0,0,0,0,0.000140389508513392,0,0,0,0,0,0,0,0,0,0
"OTU_533",8.63616691599651e-05,5.24350266572426e-05,4.18872862427184e-05,0,0,0,0,0,0,0,0,0,0,0,0,0,0,0,0,0,0,0,0,0
"OTU_534",0.000125268081235149,9.58680861082286e-05,0,0,0,4.96773232051809e-05,0,0,0,0,0,0,0.00105838982023654,0.000412362485477715,0.000357443410195493,0.000564959688408024,0.000594372307796731,0,0,0,0,0,0,0
"OTU_535",7.69485161872118e-05,8.22748789360177e-05,0,0,0.00014097353899903,5.41909327102549e-05,5.37957370899525e-05,0,6.15201154528359e-05,0,0.000246408949904229,0,6.44657492587667e-05,0.000156374769263818,0,0,0,0,0,0,0,0,0,0
"OTU_536",7.01229744569118e-05,0,0,0,0,0,0,0,0,0,0,0,0,0,0,0,0,0,0,0,0,0,0,0
"OTU_537",0.000149153990573746,0.000155318911074888,0.000131623165658271,0,0,0,0,0,0,0,0,0,0,0,0,0,0,0,0,0,0,0,4.62332250448462e-05,0
"OTU_538",0.000164847457227972,0,0.000379074671584771,0,8.0410895217371e-05,0,0,0,0,0,0.000271349381711052,0,0.000125117564373045,0.000163522996310069,0,0,0,0,0,0,0,0,0,0
"OTU_539",0.00010204842590592,8.38847221308896e-05,4.48078986637091e-05,0.000114949052845184,0.000107787123373904,5.87095637879352e-05,8.96595626406534e-05,0,5.67877981968315e-05,0.00014566642387897,0.000387646774572723,0.000224883361672293,0.000274213418964347,0.000630252070082656,0,0.000146860885995631,0.000209302113951351,0,0,0,0,0,0,0
"OTU_54",0.0214679672450581,0.0181409617027832,0.0220454654356078,0.00723870890678346,0.0399112571092901,0.0327338404175889,0.0248619288072134,0.00538727197101309,0.0615397033999804,0.0106535120405322,0.047818897319632,0.0066236994900724,0.00736837439829329,0.00965564996733805,0.00185197845895099,0.00558556101575638,0.00381284239510463,0.0174083801153089,0.000110986251578197,0.000400980194317346,0.00146437341541176,0.000210115330173005,0.0162454416771558,0.0146341463414634
"OTU_540",0.000144945482688403,0.000147786569152497,0.000168727549011696,0,0.000211503759532585,0.000166914498556402,0,0,0,0,0,9.89447951383013e-05,0.000311484329990189,0.000565357009842909,0.000805778895479727,0.000619832984659735,0.000710054875743192,0,0,0,0,0,0.000203419356669136,0
"OTU_541",0.000126529132369969,6.7906560534652e-05,7.88816682056384e-05,3.39279986182051e-05,9.95007616082157e-05,6.53321123605815e-05,5.82787157163931e-05,0.000100429455478069,0.000213520828045764,0,0,0.00014670392613635,0.000367840293796653,0.000504788392128006,0.00167861065217976,0.000794241311590971,0.00074620823676701,0,9.79762903171294e-05,7.29167684556997e-05,0.000101495569578174,0.00010482642100806,3.08223150560422e-05,0
"OTU_542",9.54323407496908e-05,9.25478320982207e-05,0,0,0,0,0,0,0,0,0,0,0,0,0,0,0,0,0,0,0,0,0,0
"OTU_543",0.000103537945464268,9.28731795719256e-05,4.20019452222539e-05,0,0,0,0,8.32660388006885e-05,0,0.000117098097025363,0,0.000177668466098726,0,0.000400330121160149,0,0.000167311945299043,9.12758427600054e-05,0,0,0,0,0,0,0
"OTU_544",5.88764414336284e-05,0,7.20183028216996e-05,0,4.18138867153298e-05,5.83563521285046e-05,0,0,0,0,0,0,8.34262398276869e-05,9.95879541781547e-05,0,0,0,0,0,0,0,0,3.39043650366523e-05,0
"OTU_545",0.00092519986012143,0.000994469107356832,0.000285655717382832,0.000138680080813915,0.000194934940344621,0.000319252044474104,7.62093302505279e-05,0.000286960442320168,0.000397515194549931,0.00043584190723552,0.00038764204325366,0.000583906939705743,0.000324007207674516,0.000604092175726093,0.000300107685608097,0.000395523039608985,0.000409504127689551,0,0,0,0,0,0.00016027501148847,0
"OTU_546",4.94328275305265e-05,4.92279542154542e-05,0,0,0,0,0,0.000127057273047816,6.58104081419739e-05,0,0,0.000702732039424529,0,0,0,0,0,0,0,0,0,0,0,0
"OTU_547",7.02576902465638e-05,0,0,0,0,0,0,0,0,0,0,0,0,0.000127655927594415,0,0,0,0,0,0,0,0,0,0
"OTU_548",5.88737925811453e-05,0,0,0,0.000203085177789646,0.00175330791863905,0,0,0,0,0,0,0,0,0,0,0,0,0,0,0,0,0,0
"OTU_549",9.00465073604353e-05,0,8.63298329898307e-05,0,9.12425963138233e-05,0,0,0,0,0,0,8.25131650769176e-05,0.000113756709868015,0.000163553559463208,0.000358200480710386,0.000486256182434954,0.000593125251409515,0,0,0,0,0,0,0
"OTU_55",0.000527704328792477,0.000312158901576539,0.000117392444550361,0,5.53661221375757e-05,0.000128125160112299,0,0.000162710472935196,0.000372214925077738,0.000472207525647764,0.00043483482939206,0.000396815289622293,0.000163075943303533,0.000421068609104751,0.000357429822286696,0.000314053233803319,0.000207725287970759,0,0,0,0,0,0,0
"OTU_550",9.07188734153902e-05,9.36916620128243e-05,0,0,0,0,0,0,0,0,0,0,0,0.000128865168551737,0,0,0,0,0,0,0,0,0,0
"OTU_551",0.00015305779509169,9.18961108638101e-05,0.00285649098040271,0.000762726445704363,0.000116078535410056,0.00217218173267588,0,5.26059052519823e-05,0.000217723225416733,0,0.000193820987238994,9.46879093152749e-05,0.000477808878078155,0.00079628596411859,0.000625536171593404,0.000271085394101158,0.000200202022040423,0,0,0,0,0,0,0
"OTU_552",0.000235496366557904,0.000183660133579299,0.000353389196008944,0,0.000116022797396124,0.000316126161745477,0,0,7.99487897829759e-05,0.000324948176369874,0.000348877776485702,7.89063555586401e-05,0.000185812988707121,0.000295676166395699,0,0,0,0,0,0,8.69962392527262e-05,4.34428883991691e-05,4.5523984348908e-05,0
"OTU_553",7.46641008139283e-05,5.98542836485613e-05,8.4014328004052e-05,0,0.000159452199837045,9.93551794961466e-05,0,0,0,0,0,0,9.85946470690456e-05,0.000163522997281379,0.000197904374853281,0.000590188679069509,0.000200202021824395,0,0,0.000160417669065203,0.000246489339336074,0.00061918636954047,0.00099693462844263,0
"OTU_554",5.10242701642684e-05,0,8.68152806214711e-05,0,9.12045632867705e-05,0,0,0,0,0,0,0,0,0,0.000321704317986846,0.000338867632616784,0.000480815241131548,0,0,0.000390521780158489,0.000863211047493121,0.000311998908468474,0.00048928588088426,0
"OTU_555",4.60199475983189e-05,0,5.59729561107044e-05,0,0.000111521649114759,0,0,0,6.07742863420242e-05,0,0,4.71953311264607e-05,0,0,0,0,0,0,0,0,0,0,0,0
"OTU_556",5.88740918650333e-05,0,9.80241915565265e-05,0,8.28011241639172e-05,0.000167096363927352,0,0,0,0.000212897081068968,0,0,0,0,0,0,0,0,0,0,0,0,5.23976550508257e-05,0
"OTU_557",0.000145226406700893,7.98885278118159e-05,4.76091402259634e-05,0,0,0,0,0,0,0,0,0,0.000280615533965856,0.000219428967857177,0,0.0002823804414197,0.000191101930129494,0,0,0,0,0,0.000265465936974134,0
"OTU_558",0.000105973346789337,5.59230498833607e-05,0,0.000204986439524489,0.000146296927529912,0,0,0,0,0,0,0.000284063218884238,0.00012513935974153,0.000156413300818336,0,0.00103558386563822,0.00054194979370849,0,0,0,0,0,0,0
"OTU_559",0.000125598062639284,7.19010641597971e-05,0.000105642643977325,4.31810891504429e-05,0.000203137930247396,0,0,0,0,0,0,7.11691371888193e-05,0.000117582782419564,0.000277276905729942,0.000339576780300312,0.000566799027176225,0.00055403686230033,0,0,0,0,0,5.85620850568148e-05,0
"OTU_56",8.23931678529627e-05,6.45158200865659e-05,7.17806439337374e-05,0,0,0,0.000251744192991415,0.000218772505773506,0,0.000156572272761382,0,0.00020811885817228,0,0.000165467603149465,0.000408688481488953,0.00017149454380001,0.00020502954995687,0,0,0,0,0,0,0
"OTU_560",5.49491508650961e-05,7.10274058287085e-05,5.32123498618999e-05,0,0,0,0,0,0,0,0,0,0,0.000113755124970803,0,0,0,0,0,0.00146083575379279,0.00105545020981355,0.00012242995821584,0,0
"OTU_561",0.000157884995636998,0.000267710922403759,0.000193234011533778,5.86029067041725e-05,0.000203137436985938,0.000126451368325499,0,0,0,0,0,9.86293045136861e-05,0.000284407650855802,0.000296799522500626,0.0101996630660001,0.0212395306491041,0.0188281988554593,0,0,0,0,0.00053316243659654,0.0244406916531326,0.0048780487804878
"OTU_562",4.56650408601729e-05,0,4.09664987100499e-05,0,0,0,0,0,0,0,0,0,5.58907459390636e-05,0,0,0,0,0,0,0,0,0,0,0
"OTU_563",6.67227381703982e-05,5.99175463467648e-05,5.60087567419312e-05,0,0,0.000239590192133777,0,0,0,0,0,0,0,0,0.00116790798721332,0.000361447394025632,0.000163182606384243,0,0,0,0,9.87338479511318e-05,0,0
"OTU_564",6.67281905642533e-05,0,3.64731700261426e-05,0,5.02757643485889e-05,0,0,0,0,0,0,5.13197668047673e-05,0.000163060377799331,0.000127974567687974,0.000285915835882941,0.000135150656970931,0.000191102242899362,0,7.42653854269089e-05,0,0,0,0,0
"OTU_565",6.95925592346173e-05,0,0.000211360131052983,4.64704569797306e-05,0,0,0,0.000129689928648466,0.00377944723289482,0,0,0.00835247409469502,0,0.000107894909255662,0,0,0,0,0,8.36765651651109e-05,0.000318840570225959,0,0,0
"OTU_566",4.64767893656792e-05,0,3.10816121785128e-05,0,0,0,0,0,0,0,0,0,0,0,0,0,0,0,0,0,0,0,0,0
"OTU_567",9.69168888869736e-05,0,4.25665257866797e-05,0,0,0,0,0,0,0,0,0,0,0,0,0,0,0,0,0,0,0,8.56133222112684e-05,0
"OTU_568",4.7099300098135e-05,0,0,0,0,0,0,0,0,0,0,0,0,0,0,0,0,0,0,0,0,0,0.000104795310101651,0
"OTU_569",5.88740923673335e-05,0,3.92068965733536e-05,0,6.21849893500367e-05,4.96773851858135e-05,0,0,0,0,0,4.73438147276636e-05,7.58420362069881e-05,0,0.000732770946520894,0.00129895150546713,0.000837287377715745,0,0,0.000102419942142503,0,5.88987408741958e-05,0.000107877610559727,0
"OTU_57",0.000629786559747563,0.000568190416503347,0.000286758431249743,7.95220003633992e-05,0.000135228487285865,0.000464543003350449,8.80293668341402e-05,0.000375442168917987,0.000220776370138921,0.000796658837924783,0.000535186039405043,0.000684482069403267,0.000231604315513233,0.000553733341455512,0.00037476324470885,0.000851256479260323,0.000270728028243194,0,0,7.79647736643692e-05,0.00023694092646616,0,0.000170777951626008,0
"OTU_570",8.21434706932348e-05,6.93701634815538e-05,7.29952430427433e-05,0,8.29133859382266e-05,7.22579246515615e-05,0,0,5.20554816788366e-05,0,0,5.91797684098532e-05,0.000329912857500398,0.000298554338976901,0.000917801659272052,0.00105046506005626,0.000937309397924515,0,0,0,0,0,0,0
"OTU_571",5.4949160247298e-05,5.99175534464577e-05,5.32137816424077e-05,0,7.87675773165639e-05,0,0,0,0,0,0,0,0,7.10969549174209e-05,0,0,0,0,0,8.01852276883487e-05,0,0,0.00144421451730762,0
"OTU_572",5.49491524093241e-05,0,0,0,0,0,0,0,0,0,0,0,0,0,0.00932601839958552,0.00743967891985363,0.0108987699817367,0,0,0,0,8.24156111892343e-05,0.000743736603158387,0
"OTU_573",5.88160445295963e-05,4.79340428085781e-05,0,0,0,0,0,0,0,0,0,0,0,0,0,0,0,0,0,0,0,0,0,0
"OTU_574",4.31743340358975e-05,0,3.92069004144729e-05,0,0,0,0,0,0,0,0,0,0,0,0,0.000259790123360965,0.000209302113932312,0,0,0,0,0,0.000440756745427576,0
"OTU_575",3.92494133839697e-05,4.39945093245073e-05,7.84131626969871e-05,0,0,0,0,0,0,0,0,0,0,0,0,0,0,0,0,0,0,0,0,0
"OTU_576",4.70992735314195e-05,0.000167769149650081,0,0,0,0,0,0,0,0.000112051095299457,0,0,0,7.8206650409163e-05,0,0,0,0,0,0,0,0,0,0
"OTU_577",0,7.05728900987258e-05,3.96825025467605e-05,0,0,0,0,0,0,0.000163551662302456,0,0,0,0,0,0,0,0,0.00324708607644707,0,0,0,0,0
"OTU_578",0,6.1666715226256e-05,0,0,0,0,0,0,0,0.000194046539227664,0.000389792895943522,0,0,0,0,0,0,0,0,0,0,0,0,0
"OTU_579",0,6.90263011815104e-05,0,0,0,0,5.17715641221154e-05,0,0,0,0,0,0,0,0,0,0,0,0,0,0,0,0,0
"OTU_58",0.000199867027944471,0.000249799832875164,0.000560332534316096,0.00015859976738966,8.69445242230407e-05,0.000141607150346275,0.000245041615302607,0.000532306740033929,0.000481130301449946,0.000171682955329743,0,0.000590000306545675,0.000264599138349568,0.000685300698714452,0.00162878328324413,0.00120954381089582,0.000519734814141651,0,0,0,0,0,0,0
"OTU_580",0,5.07637211290478e-05,0,0,0,0,5.80158163121633e-05,0,0,0,0,0,0,0,0,0,0,0,0,0,0,0,0,0
"OTU_581",0,6.13446166480148e-05,0,0,0,0,0,0,0,0,0,0,0,0,0,0,0,0,0,0,0,0,0,0
"OTU_582",0,8.98708561117363e-05,6.5264521306041e-05,6.0666159959305e-05,0,7.35673724325804e-05,0,0,0,0,0,0,0,0,0,0,0,0,0,0,0,0,0,0
"OTU_583",0,7.31558842741643e-05,4.0171468288109e-05,0,0,0,0,0,0,0,0,0,6.23012364700479e-05,0.000145889244949057,0,0,0,0,0,0,0,0,0,0
"OTU_584",0,5.65165964363884e-05,0,0,0,0,0,0,0,0,0,0,0,0,0,0,0,0,0,0,0,0,0,0
"OTU_585",0,4.65348025464218e-05,0,0,0,6.61385975809539e-05,0.000139066892470415,0,5.19459153556765e-05,0,0,0.000203008386029237,0,0,0,0,0,0,0,0,0,0,0,0
"OTU_586",0,0.000103730437585047,0,0,0,0,0,0,0,0,0,0,0,0,0,0,0,0,0,0,0,0,0.000185199127268752,0
"OTU_587",0,4.66303551207467e-05,0,0,0,0,0,0,0,0,0,0,0,0,0,0,0,0,0,0,0,0,0,0
"OTU_588",0,5.07916349992202e-05,0,0,0,0,0,6.20754201604584e-05,0,0,0,0.000105752265790387,0,0,0,0,0,0,0,0,0.000128959992164833,0,0,0
"OTU_589",0,5.08960529500812e-05,4.27234740962761e-05,0,0,6.12674526209971e-05,0,0,0,0,0,0,0,0,0,0.000166616571526222,0,0,0,0,0,0,0,0
"OTU_59",0.0026844256965498,0.0035348049803837,0.000540217870457291,6.51708908239573e-05,0.00265323985640833,0.004811181355826,0.000161387212658909,5.83234253653752e-05,6.62524313062167e-05,0.00165321006401756,0.00259645795438084,0.000220937800305806,0.00013544061129056,0.000391033363426572,0,0.000429218483503327,0.000345855762580749,0,0,6.93157360308349e-05,0.00021024090773647,0,0.000684251112035619,0
"OTU_590",0,4.51658040566934e-05,0,0,0,0,0,0.000130237810859723,6.82222850784456e-05,0,0,0.000107616430526031,0,0,0,0,0,0,0,0,0,0,0,0
"OTU_591",0,4.79365765322907e-05,0,0,0,0,0,0,0,0,0,0,0,0,0,0,0,0,0,0,0,0,0,0
"OTU_592",0,4.51232777902254e-05,0,0,0,0,0,0,0,0,0,0,0,0,0,0,0,0,0,0,0,0,0,0
"OTU_593",0,4.06962657987864e-05,7.51102592370326e-05,0,0,0,0,9.5105789137976e-05,6.11949344947823e-05,0,0,0,0,0.000386521954602496,0,0.000132489597718808,0,0,0,0,0,0,0,0
"OTU_594",0,5.722267817601e-05,4.2007393301221e-05,0,4.56022817447268e-05,6.32256840793211e-05,0,4.78235502290748e-05,6.24757435114579e-05,0,0.000193821166456174,0,0,9.2426041392679e-05,0,0,0,0,0,0.000452984792783372,0.00124637687200057,0.0927643689287839,0.00402931311577989,0
"OTU_595",0,6.60476641388601e-05,0,0,8.70683174034799e-05,0.000316129942875007,0,0,0,0,0,0,0,0,0,0,0,0,0,0,0,0,0,0
"OTU_596",0,5.19288575789294e-05,0,0,0,0,0,0,0,0,0,0,0.000310945572391907,0.000127974272911541,0,0,0,0,0,0,0,0,0,0
"OTU_597",0,9.25617729104541e-05,0,0,0,0,0,0,0,0,0,0,0,0,0,0,0,0,0,0,0,0,0,0
"OTU_598",0,4.79330807202538e-05,0.00010095687751524,0,0,0,0,0,0,0,0,0,0,0.000149814607731693,0,0.00013554267900105,0.000151157695797914,0,0,6.1979553610379e-05,0.000115976207774188,6.31896558533368e-05,6.16442998770584e-05,0
"OTU_599",0,4.9080204154745e-05,2.88494860061277e-05,0,0,0,0,0,0,0,0,0,0,0,0,0,0,0,0,0,0,0,0,0
"OTU_6",6.18446302195022e-05,0.000153632036503727,0,0,0,0,0.000417029730800408,0.000596434322096573,0.000272460646108935,0.000193273722351578,0,4.35226393301246e-05,0,0,0,0,0,0,0,0,0,0,0,0
"OTU_60",0.00637219667497909,0.00686219518369395,0.00168564803517175,0.000275924585064857,0.00244096711784598,0.00466345737952774,0.000855602346956265,0.000125900235460194,0.000300478188913748,0.00541074799933327,0.00598408916099123,0.000406886056226691,0.000280843147457003,0.000620447118647007,0.00108392178796474,0.00047717809512656,0.000731960447293095,0,0,0.000194190176060631,0.00083403625754555,0.00011149965423599,0.00215049397439553,0
"OTU_600",0,4.72858735959575e-05,0,0,0,0,0,0,0,0,0,5.50126000543595e-05,0,0,0,0,0,0,0,0,0,0,0,0
"OTU_601",0,3.99450356657002e-05,0,0,0,0,0,0,0,0,0,0,0.000108573038660652,9.22878588119763e-05,0,0,0,0,0,0,0,0,0.000135617460174043,0
"OTU_602",0,5.99175534464577e-05,0,0,0,0,0,0,0,0,0,0,7.05230289871046e-05,0.000170632697659877,0.000304214537990448,0.000382441150245253,0,0,0,0,0,0,0,0
"OTU_603",0,8.29821152055632e-05,0,0,0,0,0,0,0,0,0,0,0,0.000139092943499234,0,0,0,0,0,0,0,0,0,0
"OTU_604",0,5.97635400998794e-05,0,0,0,0,0,0,0,0,0,0,0,0,0,0,0,0,0,0,0,0,0,0
"OTU_605",0,0.000118783595234926,0,0,0,0,0,0,0,0,0,0,0,0,0,0,0,0,0,0,0,0,0,0
"OTU_606",0,5.5037552127747e-05,6.7287737812568e-05,3.08442363757306e-05,0,0,0,0,0,0,0,5.5234450518498e-05,8.34262398276869e-05,0.000102110820339176,0.00163063831169914,0.000259787838539989,0.000445904459843887,0,0,6.94727684817553e-05,0.00108943091164066,7.12434466906e-05,0,0
"OTU_607",0,7.99807309997024e-05,8.89987405168462e-05,0,5.07379903720167e-05,0,0,0,6.67530215741599e-05,0,0,0,0,0.000110275599522631,0,0,0,0,0,0,7.97465509332642e-05,0,4.61761024192578e-05,0
"OTU_608",0,4.3939530573935e-05,0,0,4.52274276721722e-05,0,6.72437380787474e-05,7.65176913940847e-05,5.67877981958135e-05,0,0,0,0,0,0,0,0,0,0,0,0,0,0,0
"OTU_609",0,4.46340437098196e-05,0,0,0,0,0,0,0,0,0,0,0,0,0,0,0,0,0,0,0,0,0,0
"OTU_61",0.00416918142142355,0.00377155611675146,0.000866739634338425,0.000239888382012873,0.00340984939123056,0.00360278175718337,0.000658425322865117,0.000721519211799564,0.000610890078327631,0.00404039396298602,0.00342400094158562,0.000659918578121262,0.000804294297012023,0.00171212540520486,0.00193985024709078,0.00199322323195904,0.0012295585591358,0,0,8.31952176482181e-05,0.000304481978255774,7.50295566298148e-05,0.000187907372274911,0.0048780487804878
"OTU_610",0,4.79290857778911e-05,0,0,0,0,0,0,0,0,0,0,0,0,0,0,0,0,0,0,0,0,0,0
"OTU_611",0,4.9380067302508e-05,3.63447219373567e-05,0,5.6983169416339e-05,0,0,0,0,0,0,0,0,0,0,0,0,0,0,0.000145826766825065,0,6.24031898145174e-05,4.5319014336488e-05,0
"OTU_612",0,4.83632761654362e-05,2.82848133892011e-05,0,0,5.21659418217715e-05,0,0,0,0,0,0,0,0,0,0,0,0,0,0,0,0,0,0
"OTU_613",0,9.66523601842275e-05,0,0,0,0,0,0,0,0,0,0,0,0,0,0,0,0,0,0,0,0,0,0
"OTU_614",0,7.98554817003448e-05,0,0,0,0,0,0,0,0,0,0,0,0,0,0,0,0,0,0,0,0,0,0
"OTU_615",0,5.59230498833605e-05,5.04089578227995e-05,0,0,0,0,0,0,0,0,0,0.000121347257931181,0,0,0.000192138321186425,0,0,0,0,0,8.29364233114206e-05,0,0
"OTU_616",0,4.39395391940672e-05,0.000121631343388234,0,7.46219156274874e-05,6.32379083944993e-05,0,5.26059052683239e-05,0.000118307740729656,0,0,0,7.20499343966387e-05,0.000106645432376128,0,0,0,0,0,0,0,5.52909488716697e-05,0,0
"OTU_617",0,0,0.000191830084526989,5.8426825982601e-05,0,0.000127657478350324,0,0,0,0,0,0,0,0,0,0,0,0,0,0,0,0,0,0
"OTU_618",0,0,4.04119365560078e-05,0,0,0,0,0,0.000120824782975867,0,0,0.00019057842521468,0,0.000158616360247436,0,0,0,0,0,0,0,0,0,0
"OTU_619",0,0,3.69178515421422e-05,0,0,0,0,0,0,0,0,0,0,0.000129664224367773,0,0,0,0,0,0,0,0,0,0
"OTU_62",0.0173464873174338,0.018321220525986,0.013669475059091,0.00226787284123523,0.00954315749917911,0.0145088143701231,0.00404958285602666,0.00108731348666102,0.00410499913839031,0.0281364682044479,0.019985645710732,0.00735661460920185,0.00139190766373424,0.0100450540574527,0.000788479921540152,0.00116902840369731,0.00094720090376512,0.0152037428539512,0,7.83314101330699e-05,0.000248941300463685,9.01198970325929e-05,0.000417834072406039,0
"OTU_620",0,0,0.000212027583513138,4.81994936740092e-05,0,0,0,0.000280407057597201,0.000161373567054563,0,0,0,3.89249864880292e-05,0,0,0.000221078257853801,0.000174684781581342,0,0,0,0,0,0,0
"OTU_621",0,0,4.4838229219402e-05,0,0,0,0,5.47235181782745e-05,0,0,0,0,0,0,0,0,0,0,0,0,0,0,0,0
"OTU_622",0,0,3.17360411063384e-05,0,0,0,0,0,0,0,0,0,0,0,0,0,0,0,0,0,0,0,0,0
"OTU_623",0,0,0.000430262487389065,0.000229747854191349,0,5.0161856034359e-05,0,0.000357366273691185,0.000143795155829394,0,0,0.00126975239559806,0,0,0,0,0,0,0,0,0,0,0,0
"OTU_624",0,0,3.7480015135283e-05,0,0,0,0,5.36720973343755e-05,0,0,0,9.76781492427765e-05,0,0,0,0,0,0,0,0,0,0,0,0
"OTU_625",0,0,9.61315439314594e-05,0,9.78948660081138e-05,0.000115537765186461,0.000103363614982507,0.000306415643227837,0.000121899301259911,0,0,4.89123007713343e-05,4.87093497601224e-05,0,0,0,0,0,0,0,0,0,0,0
"OTU_626",0,0,6.60977466926429e-05,0,0,0,0,0,0,0,0,0,0,0,0,0,0,0,0,0,0,0,0,0
"OTU_627",0,0,3.68757366575682e-05,0,0,0,0,0,0,0,0,5.25783405803035e-05,0,0,0,0,0,0,0,0,0,0,0,0
"OTU_628",0,0,3.98416001898986e-05,0,0,0,0,0,0,0,0,0,0,0.000131311427805127,0,0,0,0,0,8.8005069393285e-05,0.000111463939624483,0,0,0
"OTU_629",0,0,4.22466008996246e-05,0,0,0,0,7.65176803665197e-05,0,0,0,0,4.92973235345423e-05,0,0,0,0,0,0,0,0,0,3.11576959736274e-05,0
"OTU_63",0.00525974666135971,0.00356246834504942,0.0041349817194505,0.000595277506725054,0.00235569656238455,0.00195743479348614,0.000488645439423618,0.00878053733669277,0.00537626333292768,0.00334609800026216,0.00496575754682584,0.0016715705803524,0.00195014660557526,0.0048164429557416,0.000661281117293979,0.00105246481706266,0.00116166146374382,0.00509647948760304,0,0.000182046431730601,0.000536476792975298,7.10883601041591e-05,0.00123637264639831,0
"OTU_630",0,0,3.95515302624916e-05,0,0,0,0,0,0,0,0,0,0,0,0,0,0,0,0,0,0,0,0,0
"OTU_631",0,0,3.36333976725722e-05,0,8.81556544973768e-05,0,0,0,0,0,0,0.000148976321816933,0.000713190007062434,0.00133586102559929,0,0,0,0,0,0,0,0,0,0
"OTU_632",0,0,6.66390666247975e-05,0,0,0,0,0,0,0,0,0,0,0,0,0.000140847719356618,9.35268784429567e-05,0,0,0,0,0,0,0
"OTU_633",0,0,0.00018134563166905,3.39357530894117e-05,0,5.12601671489938e-05,4.8233318114928e-05,0.000276547846991455,0.000170664448476997,0,0,5.96198069468423e-05,0,0,0,0,0,0,0,0.00021934073817267,0.000391239639113728,0,5.53612326295776e-05,0
"OTU_634",0,0,7.56131351999758e-05,0,0.000128400641150209,6.77418291568039e-05,0,0,0,0,0,0,0,0,0,0.000149427046054053,0.000209302113951351,0,0,0,0,0,5.83891832509212e-05,0
"OTU_635",0,0,0.000586644720160655,0.00254118557608709,0,0,0,0.0323866363402922,0.0036909826193044,0.000169699272560971,0,0,4.5377967786792e-05,0,0,0,0,0,0,0,0,0,0,0.00487804990065471
"OTU_636",0,0,0.000150347264410016,0.000411110385990059,0,0,0,0.0086667880386139,0.000578847562064128,0,0,0,0,0,0,0,0,0,0,0,0,0,0,0
"OTU_637",0,0,2.87162878090102e-05,0,0,0,0,0.00337888884230486,0.000687512288526368,0,0,0.000227396296476364,0,0.000110249572545161,0,0,0,0,0,0,0,0,0,0
"OTU_638",0,0,3.67968557917111e-05,0,0,0,0,0,0.00043698266742169,0,0,0,0,0,0,0,0,0,0,0,0,0,0,0
"OTU_639",0,0,5.56187192132019e-05,7.24726932132948e-05,0,0,0.000104060448802312,0,0.000462453407173699,0,0,0.000186490281154765,0.000224511459270983,0.000140048440579543,0,0.000429218483520326,0.000364003676437132,0,0,0,0,0,0,0
"OTU_64",0.0194716395814438,0.0264966981411639,0.0085632405710871,0.0026029891328807,0.105028316372578,0.0643937287543506,0.00744935499190208,0.0050431014827166,0.0280139966934717,0.0140845923538518,0.0188621279524945,0.0224424469617683,0.0122953540578603,0.0114729837526589,0.00119732317366013,0.00311663607412453,0.0030405392434006,0.0257014759506037,9.6887514667859e-05,6.19795540681364e-05,0.000123127916992697,0,0.000156805322222185,0.024390243902439
"OTU_640",0,0,4.58153565992973e-05,6.815946739691e-05,0,0,0,7.81263446143746e-05,0,0,0,0,0,0,0,0,0,0,0,0,0,0,0,0
"OTU_641",0,0,3.87449032298695e-05,0,0,0,0,0,0,0,0,0,0,0,0,0,0,0,0,0,0,0,0,0
"OTU_642",0,0,3.53527593659198e-05,0,0,0,0,0,0,0,0,0,0.000130022035539698,0.000380704183019221,0.00113375931022886,0.00012549528032545,0.000254582147579036,0,0,0,0,0,0,0
"OTU_643",0,0,4.47684562424072e-05,0,0,0,0,0,0,0,0,4.99848889589657e-05,0,0,0,0.000366062941069122,0.000453755880828097,0,0,0,0,0,0,0
"OTU_644",0,0,4.04451499944449e-05,0,0,0,0,0,0,0,0,5.61994713310377e-05,0,0,0,0,0,0,0,0,0,0,0,0
"OTU_645",0,0,7.72792829508853e-05,0,0,0,0,6.82535459623863e-05,0,0,0,0.000366394414705059,0,0,0,0.000477906690094062,0.000324641611181329,0,0,0,0,0,0,0
"OTU_646",0,0,7.57204181446355e-05,0,0,0,0,0.000124344416327481,0.000175095276513417,0,0,0,0,0,0,0,0,0,0,0,0,0,0,0
"OTU_647",0,0,0.000280289744532718,0,0.000421023022263536,0.00031303445991013,0.000165656905685694,0.000172190874936071,8.96327634463145e-05,0.000331548088000131,0.000557861867986825,0.0013636225220902,0.00714901190916369,0.0100801268246434,0,0,0,0,0,0,0,0.000299055416711192,0.00016939097765615,0
"OTU_648",0,0,3.63669791891472e-05,0,0,0,0,0,0,0,0,6.25853240035826e-05,0,0,0,0.00020679558250397,0.000158242960904005,0,0,0,0,0,0,0
"OTU_649",0,0,4.48233702861446e-05,0,0,0.000114877911787575,0,0,0,0,0,0,0,0,0,0,0,0,0,0,0,0,0,0
"OTU_65",0.000665675720240636,0.000540709570242373,0.000350223253729074,0,0.000274010498669226,0.000434241809898554,6.39739020173524e-05,0,5.22096745196856e-05,0.00118614126515008,0.000743191551050494,0.000196155102311765,0,0.0003126287900509,0,0.000132165045909551,0.000155241226930979,0,0,0,0,0,0.000420587239692231,0
"OTU_650",0,0,8.96157723759402e-05,0,6.63305916688777e-05,0,0,0,0,0,0,0,0,0.000113755127867873,0,0,0,0,0,0,0,0,5.85620850568052e-05,0
"OTU_651",0,0,2.82605508910933e-05,0,0,0,0,6.2307770603978e-05,0,0,0,7.70178191156341e-05,0,0,0,0,0,0,0,0,0,0,0,0
"OTU_652",0,0,3.76201468405364e-05,0,0,7.67742524506452e-05,0,0,0,0,0,0,0,0,0,0,0,0,0.000244158582056187,0,0,0,0,0
"OTU_653",0,0,3.08028464922913e-05,0,0,0,0,0,0,0,0,0,0,0.000135077354811952,0,0,0,0,0,0,0,6.3237388977975e-05,0,0
"OTU_654",0,0,4.48078861879691e-05,0,0,0,0,0,0,0,0,4.33984968338824e-05,0,0.00044080112077891,0,0,0.000163801654403496,0,0,0.000273439101751961,0.00056547554318018,0,0,0
"OTU_655",0,0,3.18987485872887e-05,0,0,0,0,0,0,0,0,0,0,0,0,0,0,0,0,0,0,0,0.000339784129928017,0
"OTU_656",0,0,3.92175918949643e-05,0,6.01014854060803e-05,0,0,0,0,0,0,0,0,0,0.000341749684412124,0.000255989099261439,0.000353667340816721,0,0,0,0.000101495610314853,5.89068875726292e-05,0.000328579940263158,0
"OTU_657",0,0,7.9000733556792e-05,0,0,0,0,0,0,0,0,0,0,0,0,0,0,0,0,0,0,0,0,0
"OTU_658",0,0,2.88908903207075e-05,0,0,0,0,0,0,0,0,0,0,0.000150049120644741,0,0,0,0,0,0,0,0,0,0
"OTU_659",0,0,6.2521787738461e-05,0,0,0,0,0,0,0,0,0,0,0,0,0,0,0,0,0,0,0,0,0
"OTU_66",0.00188341018461307,0.00208209333186313,0.000917204277259829,0.000261425875842168,0.000545401698984453,0.00124442755377991,0.000688922634428258,0.00062177148367637,0.000782442667920497,0.000978115081413001,0.000612904015885932,0.00117719301276948,0.00113779188062199,0.000741205500437532,0.00180392227547079,0.00120164190741585,0.000962289933271945,0,0,5.89729834316686e-05,0.000105545180141698,0.000105534268291801,0.0031817914666486,0
"OTU_660",0,0,6.46955896190194e-05,0,5.17950169797814e-05,0,0.000120757177196123,0,0.00221574479832695,0,0,0,0,0,0,0,0,0,0,0,0,0,0,0
"OTU_661",0,0,3.64115413122624e-05,0,5.38935461633161e-05,5.87095637879187e-05,0,0,0,0,0,0,0.000136515415524749,0,0.000196598178278228,0.000225904465001751,0.000288587078019662,0,0,0,0,0,0.00016952182526059,0
"OTU_662",0,0,4.00671451348477e-05,0,0,0,0,0,0,0,0,0,7.59940171837026e-05,0,0,0.000303127107970596,0.000492696002845831,0,0,0,0,0,0.000802081218950388,0
"OTU_663",0,0,0.0001204175066179,0,0,0,0,0,0,0,0,0,3.7921018103494e-05,7.8206650409163e-05,0,0,0,0,0,5.10419777998033e-05,0,0,3.6986580035877e-05,0
"OTU_664",0,0,4.84864663593984e-05,0,0.000109821437660027,0,0,0,0,0,0,0,0,0.000424186637348291,0,0,0.000286834888325154,0,0,0,0,0,0,0
"OTU_665",0,0,9.80198549027652e-05,0,0,0,0,0,0,0,0,0,0,0.00155412193088797,0,0,0,0,0,0,0,0,0,0
"OTU_666",0,0,4.2007393301221e-05,0,0,0,0,0,0,0,0,0,0,0,0.000196596932234599,0.000124247455750963,0,0,0,0,0,0,0,0
"OTU_667",0,0,3.05560343295108e-05,0,0,0,0,0,0,0,0,0,0,0,0,0,0,0,0,0,0,0,0,0
"OTU_668",0,0,3.36059146409768e-05,0,0,0,0,0,0,0,0,0,0,0,0,0,0,0,0,0,0,0,0.000188015115613062,0
"OTU_669",0,0,5.31419338104931e-05,0,0,0,0,0,0,0,0,0,0,0,0,0,0,0,0,7.28987348513302e-05,8.69961098193787e-05,0,0,0
"OTU_67",0.00949708592827659,0.00984375924191421,0.00525207363189631,0.0010423173611517,0.0191018884684517,0.0182387493959118,0.00324955396497238,0.000795404700958116,0.00890008131544925,0.00579265426899232,0.0164280632425397,0.00436669220226294,0.00200436359940199,0.00343650396018542,0.00120623866069922,0.00220194404099426,0.00211314084607485,0.0089171974522293,0,0.000367708730065619,0.000939080182474022,0.000135222616135635,0.00385790725156176,0.0048780487804878
"OTU_670",0,0,4.10019285322025e-05,0,5.20487094946706e-05,0,0,0,0,0,0,5.24106753025314e-05,6.44657307787668e-05,7.82066509280849e-05,0.0045911292412925,0.00735537170861013,0.0093906703296934,0,0,0.000483893034546132,0.00166742499344313,0.002476475671817,0.00548104437198176,0
"OTU_671",0,0,8.96157723885819e-05,0,0.000124369859337563,0.000130967344902065,0,0,0.000123040229422705,0,0,0,0,0,0,0.000192018795251488,0.000273002757327846,0,0,6.56254101588135e-05,0.000130494355923853,0,0,0
"OTU_672",0,0,4.48078868280348e-05,0,0,0,0,0,0,0,0,0,0,0.000177743696984805,0,0,0.000163801654396709,0,0,5.10419856790772e-05,0,5.92403023625033e-05,0,0
"OTU_673",0,0,3.2880401032914e-05,0,7.8767059819686e-05,0,0,0,0,0,0,0,0.000163056714230521,8.53208230925581e-05,0,0.000293665341502177,0.000145552302191444,0,0,0,0,0,0,0
"OTU_674",0,0,6.17513342453394e-05,0,0,0,0,0,0,0,0,0,0,0.000117984047415288,0,0,0.000127453369087823,0,0,3.90622795729804e-05,0.000587224603084948,4.34428886998155e-05,6.78028202665993e-05,0
"OTU_675",0,0,8.96157723759382e-05,0,6.21848271211911e-05,0,0,0,0,0.000123256204829403,0.000251967366579041,0,5.30894253448917e-05,0,0,0,0,0,0,0,0,0,0.00024644156085391,0
"OTU_676",0,0,5.91793299906037e-05,0,0,0,0,0,0,0,0,0,0,0,0,0,0,0,0,0,0,0,0,0
"OTU_677",0,0,5.45533109160505e-05,0,0,0,0,0,0,0,0,0,0,0,0,0,0,0,0,0,0,0,0,0
"OTU_678",0,0,3.64061909995726e-05,0,0,0,0,0,0,0,0,5.52344505158503e-05,0,0,0,0,0,0,0,0,0,0,0,0
"OTU_679",0,0,7.66762949759041e-05,0,0,0,0,0,0,0,0,0,0,0,0,0,0,0,5.08739042243001e-05,0,0,0,0,0
"OTU_68",0.000697439310054502,0.000756939507021909,0.000548216069421217,6.51145028433047e-05,0.00133810536863765,0.00109322369063384,0.000231481579681198,0.000124428710085561,0.00145339633191674,0.000586526741683266,0.00115889422792854,0.000318256215994393,0.000537963135205627,0.000799408893306195,0.000295057363434,0.000565425874809911,0.00068987894494191,0,0,9.42620873450955e-05,0.000215824750566141,0,0.00199515516230479,0
"OTU_680",0,0,2.91650416343988e-05,0,0,0,0,0,0,0,0,0,0.000169028259558973,0.00027788495988541,0,0,0,0,0,0,0,0,0,0
"OTU_681",0,0,3.05675405445113e-05,0,0,0,0,0,0,0,0,0,0,0,0,0,0,0,0,0,0,0,0,0
"OTU_682",0,0,3.65248669794002e-05,0,6.94780855323889e-05,0,0,0,0,0,0,0,0,0,0,0,0,0,0,0,0,0,0.00010465229433568,0
"OTU_683",0,0,5.04088719614652e-05,0,0,0,0,0,0,0,0,0,5.30893224946127e-05,0,0.000283560122999955,0.000204850731544888,0.000163795284821712,0,0,0,0,0,5.23976538220516e-05,0
"OTU_684",0,0,3.96692534676617e-05,0,0,0,0,0,0,0,0,0,0,0,0,0.0008019608527516,0.000455006133631284,0,0,0,0,0.000157835773973946,0.000234248231803377,0
"OTU_685",0,0,3.08055922025205e-05,0,6.21849356680723e-05,0,0,0,0,0,0,0,3.7921018103494e-05,0,0,0,0,0,0,0,0,0,0.00159629616755926,0
"OTU_686",0,0,5.04088719614652e-05,0,0,0,0,0,0,0,0,0,0,0,0,0,0,0,0,0,0,0,0,0
"OTU_687",0,0,3.32769496704074e-05,0,6.21849297548979e-05,0,0,0,0,0,0,0,7.20499343966387e-05,0,0,0.000124247455750963,0.000145601470574853,0,0,0,0,3.94935349083355e-05,0,0
"OTU_688",0,0,3.36059146409768e-05,0,0,0,0,0,0,0,0,0,0,0,0,0,0,0,5.55338684353401e-05,0,0,0,0,0
"OTU_689",0,0,2.80049288674807e-05,0,0,0,0,0,0,0,0,0,0,0,0,0,0,0,0,0,0,0,0,0
"OTU_69",0.00255767488264332,0.00208300990662486,0.00212654322851467,0.000513984218712249,0.00259684825721198,0.00153930399181823,8.06621591011318e-05,7.81304861564832e-05,0.000312401651329729,0.000876614931956181,0.00130444685295369,0.000815543750664599,0.00131816606080621,0.00235026571742803,0.00130118629785227,0.00253999915307116,0.00335442863280173,0,0,0.00206577724825347,0.00396202322991243,0.00250873494382593,0.00321204576050876,0.0048780487804878
"OTU_690",0,0,4.50169279728138e-05,0,0,0,0,0,0,0,0,0,0,0.00027475742977257,0,0.000133958302965429,0.000119671588899033,0,0,0,0,0,0,0
"OTU_691",0,0,3.66137965777229e-05,0,0,0,0,0,0,0,0,0,0.000313332102140412,0.000396307893254245,0.000357449230756547,0.000408590495177394,0.000154701563082063,0,0,0,0,0,0,0
"OTU_692",0,0,3.36059147255681e-05,0,0,0,0,0,0,0,0,0,7.58420362069881e-05,0,0,0,9.10009191095539e-05,0,0,0,0,0,4.62332250448462e-05,0
"OTU_693",0,0,3.64064075277249e-05,0,0,0,0,0,0,0,0,0,0,0,0,0,0,0,0,0.000312786192304079,0.000333484056973884,0,0.00210527399430937,0
"OTU_694",0,0,0,4.06414453602811e-05,0,0,0,0,0,0,0,0,0,0,0,0,0,0,0,0,0,0,0,0
"OTU_695",0,0,0,4.68229440385746e-05,0,0,0,0.00049237142492527,0.000671170806040884,0,0,0.000103700491602748,0,0,0,0,0,0,0,0,0,0,0,0
"OTU_696",0,0,0,0.00014077520851708,0,0,0,0.00024876365367783,0,0,0,0,0,0,0,0,0,0,0,0,0,0,0,0
"OTU_697",0,0,0,4.2833541535312e-05,0,0,0.000233350265222996,0.00107254532308181,9.04269204023412e-05,0,0,0,0,0,0,0,0,0,0,0,0,0,0,0
"OTU_698",0,0,0,5.74763659476884e-05,0,0,0,0.000780150335857979,5.00831950415684e-05,0,0,0,0,0,0,0,0,0,0,0,0,0,0,0
"OTU_699",0,0,0,5.39654441614375e-05,0,0,0,0.000211473815708721,0.000266612398863429,0,0,0,0,0,0,0,0,0,0,0,0,0,0,0
"OTU_7",8.82353797020279e-05,9.12391109057647e-05,0.00435002865468851,0.000743490634173514,0,0.000496565278724674,0,0.00114941805265814,0.00055503679295487,0.000174756203614862,0,4.99974399779316e-05,0,0,0,0,0,0,0,0,0,0,0,0
"OTU_70",0.00656373311906903,0.00423119090197911,0.00400727338816092,0.0017917820769167,0.00189165933651836,0.00350481920761462,0.00070393627156211,0.000353466372499114,0.000521739911531134,0.0066129867748624,0.00765465298316212,0.00055569090262771,0.000191162198645047,0.00250629017544522,0.000888675489224535,0.000656619952971878,0.000659730046772568,0,0,0.000104450448059808,0.000145620221870946,0,0.00102953516260171,0
"OTU_700",0,0,0,0.000120573475251358,0,0,0,0,0,0,0,4.77765278027806e-05,0,0,0,0,0,0,0,0,0,0,0,0
"OTU_701",0,0,0,3.9764425821521e-05,0,0,0,0,0,0,0.00060622781888712,0,0,0,0,0,0,0,0,0,0,0,0,0
"OTU_702",0,0,0,3.87747849276667e-05,4.67869466636548e-05,0,0,0,6.39840474027398e-05,0,0,0,0,0,0,0,0,0,0,5.08349255961755e-05,0,0,0,0
"OTU_703",0,0,0,3.08436351074592e-05,0,0,0,0,4.73754622258801e-05,0,0,0,4.65298717282497e-05,9.24253294597848e-05,0.000365662624482843,0.00040573090628896,0.000334672215566097,0,0,0.00129858601339098,0.00167139609341469,0.000147226961698773,0.00019931813335255,0
"OTU_704",0,0,0,3.39279986182051e-05,4.17663857028793e-05,0,9.08617996768619e-05,0,0.000121909530568008,0,0,5.80302137216683e-05,6.83187279120003e-05,9.25896253298255e-05,0,0,0,0,0,0,0,0,0,0
"OTU_705",0,0,0,6.16647715699203e-05,0,0,0,0.000163276221029939,0,0,0,5.12891326731289e-05,0,0,0,0,0,0,0,0,0,5.52909488716697e-05,0,0
"OTU_706",0,0,0,0.000115672691132511,0,0,9.80884576231385e-05,0.000195621742579823,0.00211181340825424,0.00015913875756375,0,0.000257643056900179,0.000586978301085468,0.000158558745529029,0,0,0,0,0,0,0,0,0,0
"OTU_707",0,0,0,3.08436367787365e-05,0,0,0,0.00043046868326096,0,0,0,0,0,0,0,0,0,0,0,0,0,0,0,0
"OTU_708",0,0,0,4.62654526611888e-05,0,0,0,0,4.73231651625787e-05,0,0,4.33984968338824e-05,0,0,0,0,0,0,0,0,0,0,0,0
"OTU_709",0,0,0,4.30554167821818e-05,0,0,0,0,0,0,0,0,0,0,0,0.000523460333954858,0.000195404526600722,0,0,0,0,0,0,0
"OTU_71",0.000502874754962408,0.000432617127047555,0.000357593743450156,0.000162142606495366,0.000500831393749418,0.000327680037505107,6.27922437059606e-05,6.53398537497069e-05,8.70720171034854e-05,0.000275786360111989,0.000302595261161164,0.000288369267824438,0.000414895567014784,0.000642570659954062,0.00291529693279868,0.00287026247062286,0.00338553448792878,0,0,0.0023249048724589,0.00234029504004801,0.00450210465816026,0.0186092394914638,0
"OTU_710",0,0,0,0,4.69979240855937e-05,0,0,0,0,0,0,0,0,0,0,0,0,0,0,0,0,0,0,0
"OTU_711",0,0,0,0,7.78055065405069e-05,0,0,0,0,0,0,0,0,7.10969556599043e-05,0,0,0,0,0,9.11860251572598e-05,0,0.0001621941179122,0,0
"OTU_712",0,0,0,0,4.56022847805335e-05,4.97281722767476e-05,0,0,0,0,0,0,0,0,0,0,0,0,0,0,0,0,0,0
"OTU_713",0,0,0,0,0.000341327946143717,0,0,0,0,0,0,0,0,0,0,0,0,0,0,0,0,0,0,0
"OTU_714",0,0,0,0,5.71279824121413e-05,0,0,0,0,0,0,0,0,0,0,0.000112952232504594,0.000127387344533296,0,0,0.000131116534248256,0.000311766711411113,7.10883628350039e-05,0.000166424760299061,0
"OTU_715",0,0,0,0,0.000211484603199095,6.77438350784411e-05,0,0,0,0,0,0,0,0,0,0.000169428348751086,0.000208231448794454,0,0,5.49419101602525e-05,0,4.34135774340573e-05,0.000101662082052711,0
"OTU_716",0,0,0,0,5.38377636321611e-05,8.58148829179858e-05,0,0,0,0,0.000290731480404698,0,0,0,0,0,0,0,0,5.96929952831984e-05,0,4.06751880482699e-05,0,0
"OTU_717",0,0,0,0,6.80179092364727e-05,0.000100789711869673,8.58253608190819e-05,0,0,0.000212498742696831,0,0,0,9.64039087803807e-05,0,0,0,0,0,0,0,0,0,0
"OTU_718",0,0,0,0,0.000201189593066366,7.87620497303114e-05,0,0,0.000148974938066073,0,0,0,8.94903431990739e-05,0.000832931710838788,0.000364040417057948,0.000347680829772852,0.000337335608972814,0,0,0,0,0,0,0
"OTU_719",0,0,0,0,7.8293341367537e-05,6.65708657938084e-05,0,0,0,0,0,0,0,0,0,0,0,0,0,0,0,0,0.000106873880811726,0
"OTU_72",0.000379850978482945,0.000355511351319003,0.000344690971180826,7.16454021819735e-05,0.000308927790603066,0.000188221408581777,0,0,0.000622656512470514,0.000224906203694342,0.000333429746264831,0.000370898956308154,7.88564825972413e-05,0.000248542830013143,0.000409833690503107,0.000400560516750795,0.000361287614101469,0,0,9.10505148102765e-05,0.00020122904755072,8.44381724168702e-05,0.00149896883956681,0
"OTU_720",0,0,0,0,4.55886035018275e-05,0,0,0,0,0,0,0,0,0,0,0,0,0,0,0,0,0,0,0
"OTU_721",0,0,0,0,5.20089056561927e-05,4.74882480950635e-05,0,0,0,0,0,0,0,0,0,0,0,0,0,0,0,0,0,0
"OTU_722",0,0,0,0,7.49761957162131e-05,0,0,0,0,0,0,0,0,0.000106638079159756,0,0,0,0,0,0,0,0,0,0
"OTU_723",0,0,0,0,9.12045640297947e-05,0,0,0,0,0,0,5.15324408776735e-05,7.58420362069881e-05,8.53163459009051e-05,0.00046468371518832,0.000722894288005602,0.000464104742498998,0,0,0,0,0,4.93154400478363e-05,0
"OTU_724",0,0,0,0,4.56155760036517e-05,0,0,0,0,0,0,0,0,0,0,0,0,0,0,0,0,0,0,0
"OTU_725",0,0,0,0,4.14566197930486e-05,0,8.96595626406534e-05,0,0,0,0,0,0,0,0,0,0,0,0,0,0,0,0,0
"OTU_726",0,0,0,0,4.56022817723534e-05,0,4.48297813203267e-05,0,5.67877981950945e-05,0,0,0,0,0,0,0,0,0,0,0,0,0,0,0
"OTU_727",0,0,0,0,4.9862734080235e-05,0,0,0,0,0,0,0,0,0,0,0,0,0,0,0,0,0,0,0
"OTU_728",0,0,0,0,5.39243757203042e-05,0,0,0,0,0,0,0,0,0.000124370874151773,0,0.000333932894065834,0.000159037966853169,0,0,4.19773360544003e-05,0.000156797302328134,0,0,0
"OTU_729",0,0,0,0,4.55988754389975e-05,0,0,0,0,0,0,4.7366070804328e-05,4.92973235345423e-05,0.00015641330081627,0,0,0,0,0,0,0,0,0,0
"OTU_73",0.0204588935153238,0.0165383790270686,0.00677381992031528,0.00176511811152854,0.0379038450424565,0.0310780313477704,0.0037209271342625,0.00172197572529258,0.0139806295102919,0.00839943674029367,0.0277758218097081,0.0054470582085113,0.0107281965292178,0.0102465912783479,0.000804162736830639,0.00172366470671911,0.00162234771948528,0.0121808667933961,6.07462434216417e-05,0,0.000101495618926842,0,0.00126763464380923,0.0048780487804878
"OTU_730",0,0,0,0,0.000140952496351817,0.000167096450800609,0,0,7.91987918220486e-05,0,0,0,0,0,0,0,0,0,0,0,0,0,0,0
"OTU_731",0,0,0,0,4.14804080015267e-05,0,0,0,0,0,0,0,0,0,0,0,0,0,0,0,0,0,0,0
"OTU_732",0,0,0,0,5.80392667145016e-05,0,0,0,0,0,0,0,0.000140307766982928,0,0,0.000146837902251138,0,0,0,0.000947108114066097,0.000376777008854889,7.8987069816671e-05,7.39731600717548e-05,0
"OTU_733",0,0,0,0,4.56022817735825e-05,7.22579246614969e-05,0,0,0,0,0,0,0,0,0,0,0,0,0,0,0,0,0.000114041946072316,0
"OTU_734",0,0,0,0,0,4.79921909043815e-05,0,0,0,0,0,5.06087804647667e-05,5.69375715485486e-05,0,0,0,0,0,0,0,0,0,3.10378198445308e-05,0
"OTU_735",0,0,0,0,0,0.000230481115615499,0,0,0,0,0,0,4.5143844192412e-05,0,0,0.000125147286928266,0.000100087911019316,0,0,0,0,0,3.97810506516222e-05,0
"OTU_736",0,0,0,0,0,8.58050350844098e-05,0,0,0,0,0,0,0,0,0,0,0,0,0,0,0,0,0.00028356378028082,0
"OTU_737",0,0,0,0,0,5.60411224535891e-05,0,0,0,0,0,0,0,0,0,0,0,0,0,0,0,0,0,0
"OTU_738",0,0,0,0,0,0.000210409974737836,0,0,0,0,0,0,0,0,0,0,0,0,0,0,0,0,0,0
"OTU_739",0,0,0,0,0,5.88921143956293e-05,0,0,0,0,0,0,0,0,0,0,0,0,0,0.000254764309148274,0.000405876767082028,0,9.86558139341828e-05,0
"OTU_74",0.000153872482363912,0.000193852865934394,8.33688386774762e-05,0,0,0,0,0,0,0,0.000321101154365585,0,0,0,0,0,0,0,0,0,0,0,0,0
"OTU_740",0,0,0,0,0,4.53083307641154e-05,0,0,0,0,0,0,0,0,0,0,0,0,0,0,0,0,0,0
"OTU_741",0,0,0,0,0,0.000343519730326467,0,0,0,0,0,0,0,0,0,0,0,0,0,0,0,0,0,0
"OTU_742",0,0,0,0,0,5.4193443496561e-05,4.48297813203267e-05,0,0,0,0,0,0,0,0,0,0,0,0,0,0,0,0,0
"OTU_743",0,0,0,0,0,4.51612029138008e-05,0,0,0,0,0,0,0,0,0,0,0,0,0,0,0,0,0,0
"OTU_744",0,0,0,0,0,5.6870449013953e-05,0,0,0,0,0,0,0,0,0,0,0,0,0,4.81180910594032e-05,0,0,0.000506269990779189,0
"OTU_745",0,0,0,0,0,5.06519614306695e-05,0,0,0,0,0,0,0,0,0,0,0,0,0.0238210134704266,0,0,0,0,0
"OTU_746",0,0,0,0,0,5.41933943609368e-05,0,0,0,0,0,0,0,0,0,0.000180723430547983,0.000136501378663925,0,0,0,0,0,5.85620850568052e-05,0
"OTU_747",0,0,0,0,0,5.40162194804554e-05,0,0,0,0,0,0,0,0,0,0,0,0,0,0,0,0,0,0
"OTU_748",0,0,0,0,0,0,5.42088669365724e-05,0,0,0,0,0,0.000264797197769789,0.000106025731696322,0,0,0,0,0,0,0,0,0,0
"OTU_749",0,0,0,0,0,0,4.48297813203267e-05,0,0,0,0,0,0,0,0,0,0,0,0,0,0,0,0,0
"OTU_75",0.0189957609151935,0.0170337240118811,0.00885945960876384,0.000622073928721012,0.0457788743480552,0.0333805000711849,0.00251170265216645,0.000219662111117884,0.00129886542361318,0.0147623278764118,0.0788486885606772,0.00207464667031195,0.00158966784517405,0.0066851663294496,0.00194990169899176,0.00246091148441824,0.00325867584007016,0.0131634819532909,0,5.46629343454925e-05,0.000115994983216976,7.8987069816671e-05,0.00198927684179068,0.00975609756097561
"OTU_750",0,0,0,0,0,0,5.82787157164247e-05,0,0,0,0,0,0,0,0,0,0,0,0,0,0,0,0,0
"OTU_751",0,0,0,0,0,0,0.000173988524479071,0,0,0,0,4.17697425621351e-05,0,0,0,0,0,0,0,0,0,0,0,0
"OTU_752",0,0,0,0,0,0,0,0.000257333194576806,0,0,0,0,0,0,0,0,0,0,0,0,0,0,0,0
"OTU_753",0,0,0,0,0,0,0,7.15943436029687e-05,0,0,0,0,0,0,0,0,0,0,0,0,0,0,0,0
"OTU_754",0,0,0,0,0,0,0,9.18387026962601e-05,9.05793020808865e-05,0,0,0.000229924157565713,0,0,0,0,0,0,0,0,0,0,0,0
"OTU_755",0,0,0,0,0,0,0,0.000101999090021098,6.61362202262308e-05,0,0,0.00013622713960579,0,0,0,0,0,0,0,0,0,0,0,0
"OTU_756",0,0,0,0,0,0,0,6.08025176686984e-05,0,0,0,0.000103603499234849,0,0,0,0,0,0,0,0,0,0,0,0.0048780487804878
"OTU_757",0,0,0,0,0,0,0,0.00022912284809922,0,0,0,8.22162196507101e-05,0,0,0,0,0,0,0,0,0,0,0,0
"OTU_758",0,0,0,0,0,0,0,4.7823551951529e-05,0,0,0,4.85170219931815e-05,0,0,0,0,0,0,0,0,0,0,0,0
"OTU_759",0,0,0,0,0,0,0,9.09337408922155e-05,0,0,0,7.49006458408858e-05,0,0,0,0,0,0,0,0,0,0,0,0
"OTU_76",0.000122148747449957,0.000101080288238668,0.000167628985029528,0.000103217716059166,0.000224970289557323,0.000105568748496956,0,0,0,0,0,0.000117826052378707,0.00044534280441542,0.000190150093716079,0,0.000249166196315959,0.000114146299317455,0,0,0,0,0,0,0
"OTU_760",0,0,0,0,0,0,0,0.000178008980572773,0,0,0,6.91100168922248e-05,0,0,0,0,0,0,0,0,0,0,0,0
"OTU_761",0,0,0,0,0,0,0,8.97101451637444e-05,0.000100283505674137,0,0,0,0,0,0,0,0,0,0,0,0,0,0,0
"OTU_762",0,0,0,0,0,0,0,7.65176803665197e-05,0,0,0,0,0,0,0,0,0,0,0,0,0,0,0,0
"OTU_763",0,0,0,0,0,0,0,9.56471004581496e-05,0,0,0,0,0,0,0,0,0,0,0,0,0,0,0,0
"OTU_764",0,0,0,0,0,0,0,8.54553767428281e-05,0,0,0,0,0,0,0,0,0,0,0,0,0,0,0,0
"OTU_765",0,0,0,0,0,0,0,7.57257051768103e-05,0,0,0,0,0,0,0,0,0,0,0,0,0,0,0,0
"OTU_766",0,0,0,0,0,0,0,5.28826200195752e-05,0,0,0,0,0,0,0,0,0,0,0,0,0,0,0,0
"OTU_767",0,0,0,0,0,0,0,7.22146280937374e-05,0,0,0,0,0,0,0,0,0,0,0,0,0,0,0,0
"OTU_768",0,0,0,0,0,0,0,0.000252738677665793,0.00025407754771872,0,0,0,0,0,0,0,0,0,0,6.98497796895681e-05,0.000117108869472591,0,3.69815319119911e-05,0
"OTU_769",0,0,0,0,0,0,0,6.21706152977972e-05,0,0,0,0,0,0,0,0,0,0,0,0,0,0,0,0
"OTU_77",0.000384791459989103,0.0002544305193539,0.00115002545832549,0.000192880825635126,0.000436279220874956,0.000535742790900165,0,0,5.67877981950945e-05,0,0.000542684496383696,0.000383229339100875,0.000859140218344776,0.000906524434668242,0.000464684014868635,0.00123050804944551,0.0012556431302157,0,0,6.5629987985106e-05,0,0,7.70553741812983e-05,0.0048780487804878
"OTU_770",0,0,0,0,0,0,0,4.78235502290748e-05,0,0,0,0,0,0,0,0,0,0,0,0,0,0,0,0
"OTU_771",0,0,0,0,0,0,0,0.000188897699669154,0.0330276265652639,0,0,0.00403119358339305,0,0,0.000536141844647701,0.000486736728758373,0.000175344170944857,0,0,0,0,0,0,0
"OTU_772",0,0,0,0,0,0,0,6.69529699392999e-05,0,0,0,0,0,0,0,0,0,0,0,0,0,0,0,0
"OTU_773",0,0,0,0,0,0,0,5.21981204097308e-05,5.67877116241962e-05,0,0,0,0,0,0.000508907366856127,0.00151310317112237,0.000401091412604311,0,0,0,8.14424728843381e-05,6.01364843145613e-05,9.25200788789158e-05,0
"OTU_774",0,0,0,0,0,0,0,0,7.84267117097569e-05,0,0,0,0,0,0,0,0,0,0,0,0,0,0,0
"OTU_775",0,0,0,0,0,0,0,0,0.0001288270577642,0,0,0,0,0,0,0,0,0,0,5.49750633544807e-05,0.000153287005838253,0.000115158293056071,0,0
"OTU_776",0,0,0,0,0,0,0,0,0.000490657873048768,0,0,0.000141176055068803,0,0,0,0,0,0,0,0,0,0,0,0
"OTU_777",0,0,0,0,0,0,0,0,0.00017575127689983,0,0,0,0,0,0,0,0,0,0,0,0,0,0,0
"OTU_778",0,0,0,0,0,0,0,0,7.00160172437632e-05,0,0,0,0,0,0,0,0,0,0,0,0,0,0,0
"OTU_779",0,0,0,0,0,0,0,0,7.58230113371521e-05,0,0,0,0,0,0,0,0,0,0,0,0,0,0,0
"OTU_78",0.0687099533011292,0.0653400343290894,0.0698020626572527,0.0175392928350325,0.0965886404850313,0.0637641437315712,0.0157289633357003,0.0362814828930737,0.0833993286467547,0.0396499143769114,0.041779410767865,0.0734426061615487,0.0336275064764954,0.0351623218171164,0.00518819399631912,0.0112269909282603,0.0134470719702801,0.0552606678540912,0.000231868709614763,0.00032812705106551,0.00134850942663798,0.000332383237590943,0.00476560419146391,0.0487804878212776
"OTU_780",0,0,0,0,0,0,0,0,0.00022715119379456,0,0,0,0,0,0,0,0,0,0,0,0,0,0,0
"OTU_781",0,0,0,0,0,0,0,0,8.70631634788934e-05,0,0,0,0,0,0,0,0,0,0,0,0,0,0,0
"OTU_782",0,0,0,0,0,0,0,0,8.12828410842299e-05,0.000129215384647803,0,6.30817177501874e-05,0.00117145158380176,0.00150220179924346,0,0,9.77774068396482e-05,0,0,0,0,0,0,0
"OTU_783",0,0,0,0,0,0,0,0,7.00129532969146e-05,0,0,0,0,0,0,0,0,0,0,0,0,0,0,0
"OTU_784",0,0,0,0,0,0,0,0,9.99826468721731e-05,0,0,0,0,0,0,0,0,0,0,0,0,0,0,0
"OTU_785",0,0,0,0,0,0,0,0,5.72900390032137e-05,0,0,4.05309132895946e-05,0,7.1122305027724e-05,0,0,0,0,0,0,0,0,0,0
"OTU_786",0,0,0,0,0,0,0,0,5.59170466112825e-05,0,0,0.000211482191473221,0,0,0,0,0,0,0,0,0,0,0,0
"OTU_787",0,0,0,0,0,0,0,0,5.67877981950945e-05,0,0,0,0,0,0,0,0,0,0,0,0,0,0,0
"OTU_788",0,0,0,0,0,0,0,0,5.20672279862438e-05,0,0,0,0,0,0.000463663380033968,0.000327561972858809,0.00029111517167502,0,0,0,0,0.000102915842391014,0.000641080669635597,0
"OTU_789",0,0,0,0,0,0,0,0,4.73231661899521e-05,0,0,0,3.7921018103494e-05,0,0,0,0,0,0,0,0,0,0,0
"OTU_79",0.00924406470200601,0.00612719311345748,0.0100697709164651,0.00280045582714346,0.00101203567461437,0.00151749120462017,0.000405327871504181,0.00159364834064986,0.0162572639272,0.00557926160161233,0.00393053009479766,0.00949819957874146,0.000102386748879434,0.00168236754919401,0,0,0,0,0,0,0,0,0,0.0048780487804878
"OTU_790",0,0,0,0,0,0,0,0,0,0.000268879680243334,0,0,0,0,0,0,0,0,0,0,0,0,0,0
"OTU_791",0,0,0,0,0,0,0,0,0,0.000122566045088503,0.000230567756073372,0,0,0,0,0,0,0,0,0,0,0,0,0
"OTU_792",0,0,0,0,0,0,0,0,0,0.000134462116999423,0,0,0,0,0,0,0,0,0,0,0,0,0,0
"OTU_793",0,0,0,0,0,0,0,0,0,0.000225980529975155,0,0,0,0,0,0,0,0,0,0,0,0,0,0.0048780487804878
"OTU_794",0,0,0,0,0,0,0,0,0,0,0.000232585184323759,0,0.000106950748739165,0,0,0,0.0001092013147655,0,0,6.19865565677019e-05,0.00011598363771852,0,0.000283563780355742,0
"OTU_795",0,0,0,0,0,0,0,0,0,0,0.000213203085630112,0,0,0,0,0,0,0,0,0,0,0,0,0
"OTU_796",0,0,0,0,0,0,0,0,0,0,0,5.81488683534027e-05,0,0,0,0,0,0,0,0,0,0,0,0
"OTU_797",0,0,0,0,0,0,0,0,0,0,0,6.02404577919004e-05,0,0,0,0,0,0,0,0,0,0,0,0
"OTU_798",0,0,0,0,0,0,0,0,0,0,0,3.9453194021126e-05,0,0.000113755127879401,0,0,0,0,0,0,0,0,0,0
"OTU_799",0,0,0,0,0,0,0,0,0,0,0,8.54495247573382e-05,0,0,0,0.000191137653033974,0.000106194517528453,0,0,0,0,0,0,0
"OTU_8",0.00109390181115213,0.00147628685682947,0.000946701808352492,7.43069655276261e-05,0.00012966570507508,0,0,0.000439986782854244,0.000582551580311148,0.000446522425635608,0.00180068616522808,0.000267987540082654,0,0.00343222328253362,0,0,0.000194688592385545,0,0,0,0,0,0,0
"OTU_80",0.000365576356284291,0.000326004269404493,0.000255467900317595,0.000111747469646957,0.000408305725834728,0.000257252455878285,0,0,0,0.000246948687788872,0.00025362290080555,0.000269221200355234,0.000329416538223326,0.000407354797226066,0,0.000290052903038791,0.000326124172948086,0,0,0,0,0,7.16672475552654e-05,0
"OTU_800",0,0,0,0,0,0,0,0,0,0,0,9.09464726357427e-05,0,0,0,0,0,0,0,0,0,0,0,0
"OTU_801",0,0,0,0,0,0,0,0,0,0,0,7.19914169452391e-05,0,0,0,0,0,0,0,0,0,0,0,0
"OTU_802",0,0,0,0,0,0,0,0,0,0,0,5.07287019620602e-05,0,0,0,0,0,0,0,4.40107410843557e-05,0.000184570361777226,0,0,0
"OTU_803",0,0,0,0,0,0,0,0,0,0,0,4.72852482044762e-05,0,0,0,0,0,0,0,0,0,0,0,0
"OTU_804",0,0,0,0,0,0,0,0,0,0,0,5.76349980872426e-05,0,0,0,0,0,0,0,0,0.000370044782730681,0,0,0
"OTU_805",0,0,0,0,0,0,0,0,0,0,0,0.000136818421597541,0,8.5756915371408e-05,0,0,0,0,0,0,0,0,0,0
"OTU_806",0,0,0,0,0,0,0,0,0,0,0,0.000109524191507847,0,0,0,0,0.00012160939792751,0,0,0,0,0,0,0
"OTU_807",0,0,0,0,0,0,0,0,0,0,0,3.97356239227158e-05,0,0,0,0,0,0,0,0,0,0,0,0
"OTU_808",0,0,0,0,0,0,0,0,0,0,0,4.33982707217378e-05,4.17861754261025e-05,0,0,0,0,0,0,0,0,0,0,0
"OTU_809",0,0,0,0,0,0,0,0,0,0,0,6.1857990411447e-05,0,0,0,0.000255912443580823,0.000154069655350542,0,0,0,0,0,0,0
"OTU_81",0.00575799928403013,0.00572927860989314,0.00197879740320659,0.000307296683796944,0.00560208935360969,0.0110983926738238,0.00373206035583939,0.000162625638217489,0.00308230610748429,0.00572493307044734,0.00739730669650439,0.00375214927895191,0.000228291968061988,0.000425329931886114,0.000349000818766266,0.000273759619703752,0.000267634472929216,0,0,0,0,0,4.98155579550818e-05,0
"OTU_810",0,0,0,0,0,0,0,0,0,0,0,5.35347554094064e-05,0,0,0,0,0,0,0,0,0,0,0,0
"OTU_811",0,0,0,0,0,0,0,0,0,0,0,6.54830732786434e-05,0,0,0,0,0,0,0,0,0,0,0,0
"OTU_812",0,0,0,0,0,0,0,0,0,0,0,5.12891325634107e-05,0,0,0,0,0,0,7.86172273865614e-05,0,0,0,0,0
"OTU_813",0,0,0,0,0,0,0,0,0,0,0,0.000125194510648002,0,0,0,0.000158133126049226,9.98122544800458e-05,0,0,0,0,0,0,0
"OTU_814",0,0,0,0,0,0,0,0,0,0,0,5.52344505158503e-05,0,0,0,0,0,0,0,0,0,0,0,0
"OTU_815",0,0,0,0,0,0,0,0,0,0,0,0.000149922072823508,0,0,0,0,0,0,0,0,0,0,0,0
"OTU_816",0,0,0,0,0,0,0,0,0,0,0,9.3950406842105e-05,0,0.000250441768478323,0,0.000166560941375556,0.00010467621843231,0,0,0,0,0,0,0
"OTU_817",0,0,0,0,0,0,0,0,0,0,0,6.7068594612754e-05,0,0,0,0,0,0,0,0,0,0,0,0
"OTU_818",0,0,0,0,0,0,0,0,0,0,0,0,3.86223115961902e-05,0,0,0,0,0,0,0,0,0,0,0
"OTU_819",0,0,0,0,0,0,0,0,0,0,0,0,0.000211877806214639,0,0,0,0,0,0,0,0,0,0,0
"OTU_82",0.000419341584129906,0.000417514089125086,0.000848826738182834,8.27456573076818e-05,0.000440395509643472,0.000525473396742328,0.00226420430552573,0.000158095999804092,0.00562815730238998,0.00108043463057003,0.000859317563300053,0.0028832997526086,0.000147378892653563,0.000199357608278114,0,0.000180835720758407,0.000190113842934423,0,0,0,0,0,0,0
"OTU_820",0,0,0,0,0,0,0,0,0,0,0,0,6.44657307759399e-05,0,0,0.000158133125501226,0,0,0,8.38546907584839e-05,8.69962380260817e-05,0,0,0
"OTU_821",0,0,0,0,0,0,0,0,0,0,0,0,0.000284407635776465,0.00010664499093929,0.000178724621103803,0.000406628037003148,0.000273002756824513,0,0,0,0.000108872417719105,0,0,0
"OTU_822",0,0,0,0,0,0,0,0,0,0,0,0,9.52794223937299e-05,0.0003266991162189,0,0,0,0,0,0,0,0,0,0
"OTU_823",0,0,0,0,0,0,0,0,0,0,0,0,8.69311301841447e-05,0.00010563101628556,0,0.000130140865432019,0,0,0,0,0,0,0,0
"OTU_824",0,0,0,0,0,0,0,0,0,0,0,0,8.78166772988318e-05,0,0,0,0,0,0,5.08534216217188e-05,9.75693639657959e-05,0,0,0
"OTU_825",0,0,0,0,0,0,0,0,0,0,0,0,0.000670293708247078,0.000182031044898247,0,0.000198354547534754,0,0,0,0,0,0,0,0
"OTU_826",0,0,0,0,0,0,0,0,0,0,0,0,5.30894253448917e-05,0,0,0,0,0,0,0,0,0,6.81103872849829e-05,0
"OTU_827",0,0,0,0,0,0,0,0,0,0,0,0,7.58420362069881e-05,0,0,0,0,0,0,7.29101328696569e-05,0,0,0,0
"OTU_828",0,0,0,0,0,0,0,0,0,0,0,0,5.30894249430706e-05,0,0,0,0,0,0,0,0,0,0,0
"OTU_829",0,0,0,0,0,0,0,0,0,0,0,0,4.55052217241929e-05,7.10969549174209e-05,0,0,0,0,0,0,0,0,0,0
"OTU_83",0.00518220891539613,0.00761631240293317,0.00469382606749129,0.000769306714279005,0.00543037802997552,0.00964705063558962,0.00699034685695921,0.000588487401355417,0.0035416085512774,0.00547922623705495,0.00554286465459786,0.00419570536158965,0.000479397554194837,0.000815762925238875,0.000669736345626925,0.000890935147777429,0.000755302404833556,0.0114649732892624,0,0,0,0,0.000203296992941284,0
"OTU_830",0,0,0,0,0,0,0,0,0,0,0,0,6.04690960614588e-05,0.000128209287849777,0,0,0,0,0,0,0.000159994375837829,0,3.66962137901348e-05,0
"OTU_831",0,0,0,0,0,0,0,0,0,0,0,0,4.17350591842433e-05,0,0,0.000229670345896287,0,0,0,0,0,0,0,0
"OTU_832",0,0,0,0,0,0,0,0,0,0,0,0,0.000797050685882173,0.000245652558450789,0,0,0,0,0,0,0,0,0,0
"OTU_833",0,0,0,0,0,0,0,0,0,0,0,0,0.00024269461869759,0.000526117505246061,0,0,0.000109201102931139,0,0,0,0,4.34428883991691e-05,0.00192552966569302,0
"OTU_834",0,0,0,0,0,0,0,0,0,0,0,0,0.000166852479655374,0.000113755127867904,0,0.000169428348751313,0,0,0,0,0,0,0,0
"OTU_835",0,0,0,0,0,0,0,0,0,0,0,0,7.85784725429866e-05,0,0.000393345150806706,0.000350885241905912,0,0,0,0,0,0,0,0
"OTU_836",0,0,0,0,0,0,0,0,0,0,0,0,4.83119828772045e-05,0,0,0,0,0,0,0,0,0,0,0
"OTU_837",0,0,0,0,0,0,0,0,0,0,0,0,0.000102386748879434,0,0,0,0,0,0,0,0,0,9.24664500924381e-05,0
"OTU_838",0,0,0,0,0,0,0,0,0,0,0,0,4.17131199138434e-05,0,0,0,0,0,0,0,0,0,3.09070149440221e-05,0
"OTU_839",0,0,0,0,0,0,0,0,0,0,0,0,7.96341380173375e-05,0,0,0,0,0,0,0,0,0,0,0
"OTU_84",0.0017369477554166,0.0014993542614149,0.00359322027819923,0.000553882200998314,0.00180388482942743,0.00326239738445865,0.00088882548931524,0.00634588280131402,0.00352252524511423,0.00267001375338966,0.00158643361710497,0.00299156823701059,0.00372353439188838,0.00391371645960657,0.00227265936105498,0.00339247367911246,0.00294821138327964,0,0,0.000198352601567134,0.000955031431588485,0.00120090006591475,0.0118996488403401,0
"OTU_840",0,0,0,0,0,0,0,0,0,0,0,0,4.55052217241929e-05,0,0,0,0,0,0,0,0,0,5.54819694896446e-05,0
"OTU_841",0,0,0,0,0,0,0,0,0,0,0,0,9.10104434483857e-05,0,0,0,0,0,0,0,0,0,0,0
"OTU_842",0,0,0,0,0,0,0,0,0,0,0,0,3.7921018103494e-05,0,0,0,0,0,0,5.83336979189453e-05,0.000101495610313979,0,0,0
"OTU_843",0,0,0,0,0,0,0,0,0,0,0,0,7.39349579842148e-05,0.000682537318978901,0,0,0,0,0,0,0,0,0,0
"OTU_844",0,0,0,0,0,0,0,0,0,0,0,0,0.000117555156120842,0.000170429470637716,0,0,0,0,0,0,0.00019574153423427,0,4.62332250448462e-05,0
"OTU_845",0,0,0,0,0,0,0,0,0,0,0,0,4.17131199138434e-05,0,0,0,0,0,0,0,0,0,0,0
"OTU_846",0,0,0,0,0,0,0,0,0,0,0,0,0.000210298219155302,0,0,0,0,0,0,0,0,0,0,0
"OTU_847",0,0,0,0,0,0,0,0,0,0,0,0,8.41526760764507e-05,0.00027055411399403,0.000228662965135885,0,0,0,0,0,0,0,6.50910991515906e-05,0
"OTU_848",0,0,0,0,0,0,0,0,0,0,0,0,0.000167659788133958,0,0,0,0,0,0,0,0,0,0,0
"OTU_849",0,0,0,0,0,0,0,0,0,0,0,0,0.000132723563362346,0,0,0,0,0,0,0,0,0,0,0
"OTU_85",0.00118244894963509,0.00117204527426057,0.000940741293869952,0.000294873226492384,0.00060912561744701,0.000785750826545847,0.000158243407205466,0.000533698349592931,0.000327927235116121,0.000796548638815277,0.000505978911471434,0.000807036779688344,0.00103029086723041,0.00104718270440496,0.000521369777114445,0.000903367129526281,0.000785916186931451,0,0,8.59215893984192e-05,0.000192859365804453,0,0.000145442167333406,0.00497620165355959
"OTU_850",0,0,0,0,0,0,0,0,0,0,0,0,3.79210187882353e-05,0,0,0.000135542678960763,0,0,0,0,0,0,0,0
"OTU_851",0,0,0,0,0,0,0,0,0,0,0,0,4.55052217241929e-05,0,0,0,0,0,0,0,0,8.29364233075046e-05,0,0
"OTU_852",0,0,0,0,0,0,0,0,0,0,0,0,0.000200169339732615,0,0,0,0,0,0,0,0,0,0,0
"OTU_853",0,0,0,0,0,0,0,0,0,0,0,0,6.81413210089773e-05,0,0,0,0,0,0,0,0,0,0,0
"OTU_854",0,0,0,0,0,0,0,0,0,0,0,0,5.68745049965603e-05,0,0,0,0,0,0,0,0,0,0,0
"OTU_855",0,0,0,0,0,0,0,0,0,0,0,0,9.47949661560457e-05,0,0,0,0,0,0,0,0,0,0,0
"OTU_856",0,0,0,0,0,0,0,0,0,0,0,0,5.68815271552411e-05,0,0,0,0,0,0,0,0.000159493101923342,0,0,0
"OTU_857",0,0,0,0,0,0,0,0,0,0,0,0,7.20499343966387e-05,0,0,0,0,0,0,0,0,0,3.39043650071989e-05,0
"OTU_858",0,0,0,0,0,0,0,0,0,0,0,0,4.16395686832824e-05,0,0,0,0,0,0,0,0,0,0,0
"OTU_859",0,0,0,0,0,0,0,0,0,0,0,0,3.7921018103494e-05,0,0,0,0,0,0,0,0,0,0,0
"OTU_86",8.62793964897379e-05,7.87767983922309e-05,8.68253923836e-05,0,8.10259036406515e-05,5.77425521190468e-05,0,9.05491713235365e-05,6.20394717154415e-05,0,0,0.000132645345691976,8.02121636241258e-05,0.000285687943882113,0,0.000174522507248314,0.000164835267750184,0,0,0.000132911414623852,0.000531576788339059,5.82362198317341e-05,0.000172748384000908,0
"OTU_860",0,0,0,0,0,0,0,0,0,0,0,0,4.55052217241928e-05,9.95357368843967e-05,0,0.000192003982569795,0.000298421277692552,0,0,0,0,0,0,0
"OTU_861",0,0,0,0,0,0,0,0,0,0,0,0,3.7921018103494e-05,0,0,0,0,0,0,0,0,0,0,0
"OTU_862",0,0,0,0,0,0,0,0,0,0,0,0,0,0.000101491569992434,0,0.00017145842033793,0,0,0,0,0,0,0,0
"OTU_863",0,0,0,0,0,0,0,0,0,0,0,0,0,0.000149009291035103,0,0,0,0,0,0,0,0,0,0
"OTU_864",0,0,0,0,0,0,0,0,0,0,0,0,0,9.24949475102169e-05,0,0,0,0,0,0,0,0,0,0
"OTU_865",0,0,0,0,0,0,0,0,0,0,0,0,0,8.5314463245815e-05,0,0,0,0,0,0,0,0,0,0
"OTU_866",0,0,0,0,0,0,0,0,0,0,0,0,0,0.00129496694048681,0,0,0,0,0,0,0,0,0,0
"OTU_867",0,0,0,0,0,0,0,0,0,0,0,0,0,9.97410125005851e-05,0,0,0,0,0,0,0,0,0,0
"OTU_868",0,0,0,0,0,0,0,0,0,0,0,0,0,0.000285677559538145,0.00122060120356838,0.000226096027834099,0.000744418449399656,0,0,0,0,0,0,0
"OTU_869",0,0,0,0,0,0,0,0,0,0,0,0,0,9.0522209830036e-05,0.00141828809717004,0.000373802306894835,0.000285613821497357,0,0,0,0,0,0,0
"OTU_87",0.000254637613618522,0.000245161050147791,0.000206837832171215,4.13216253192239e-05,0.000396140177396961,0.000391668439133904,7.27728609958957e-05,0.000146138131960534,0.00010374985999882,0.000553435221246301,0.000384983993837562,0.000276569323207799,0.000100662961619272,0.000230914207199417,0.000239086343487773,0.000579603153052132,0.000261714048214107,0,0,0.00573424484396531,0.00972235355356364,0.00021654896946141,0.000747982757231497,0.00487804880194488
"OTU_870",0,0,0,0,0,0,0,0,0,0,0,0,0,0.000167820793661412,0,0,0,0,0,0,0,0,0,0
"OTU_871",0,0,0,0,0,0,0,0,0,0,0,0,0,9.95357368843892e-05,0,0,0,0,0,0,0,0,0,0
"OTU_872",0,0,0,0,0,0,0,0,0,0,0,0,0,7.80394327238118e-05,0,0,0,0,0,0,0,0,0,0
"OTU_873",0,0,0,0,0,0,0,0,0,0,0,0,0,9.24260413926471e-05,0,0,0,0,0,0,0,0,0,0
"OTU_874",0,0,0,0,0,0,0,0,0,0,0,0,0,0.000106645432376124,0,0,0,0,0,0,0,0,8.93842351635978e-05,0
"OTU_875",0,0,0,0,0,0,0,0,0,0,0,0,0,0.000170654740038132,0,0,0,0,0,0,0,0,0,0
"OTU_876",0,0,0,0,0,0,0,0,0,0,0,0,0,0.000105218487030798,0,0,0,0,0,0,0,0,0,0
"OTU_877",0,0,0,0,0,0,0,0,0,0,0,0,0,0.000177742387293552,0,0,0,0,0,0,0,0,0,0
"OTU_878",0,0,0,0,0,0,0,0,0,0,0,0,0,0.000120864823359616,0.000339576780832681,0.000214609241751663,0.000228572924741832,0,0,0.000209846289230683,0.000144993718931896,0.000208164127912116,0.000265278717924131,0
"OTU_879",0,0,0,0,0,0,0,0,0,0,0,0,0,0.000221809869774444,0,0,0,0,0,0.000106804257396487,7.87483032822183e-05,0,0,0
"OTU_88",0.000185847190600553,0.000269497301917142,0.00011045883201751,0.000101344271313369,0.000168479815440236,0.000214771973854684,5.01799933390201e-05,0.000327511346234147,0.000128627946214667,0.000475218960741816,0,0.000513781214797315,5.5110044245947e-05,0.00054951988985958,0.000184411537397271,0.000599991695662025,0.00035789710004599,0,0,0.0051396470238783,0.00667762636874245,0.0206269066018759,0.00452496548578314,0
"OTU_880",0,0,0,0,0,0,0,0,0,0,0,0,0,7.83065292931613e-05,0,0,0,0,0,0,0.000120108638749891,0,0,0
"OTU_881",0,0,0,0,0,0,0,0,0,0,0,0,0,0,0.00569070183719471,0.00375387516612125,0.00373669161936179,0,0,0,0,5.26147847856238e-05,8.0928561014645e-05,0
"OTU_882",0,0,0,0,0,0,0,0,0,0,0,0,0,0,0.00424342552539396,0.00382413889282902,0.0060720170294757,0,0,4.01044173192762e-05,0,0.000114531251234173,0.000441075461251374,0
"OTU_883",0,0,0,0,0,0,0,0,0,0,0,0,0,0,0.00610373800060842,0.00427110565529158,0.0062616368471272,0,0.000124858523777593,0.00336161490457196,0.00772940447681755,0.0061682215364938,0.0031063213369472,0
"OTU_884",0,0,0,0,0,0,0,0,0,0,0,0,0,0,0.000589655510632486,0.000587351638014147,0.000780575481497814,0,0,0,0,0.000110586167768111,0.000798436504173626,0
"OTU_885",0,0,0,0,0,0,0,0,0,0,0,0,0,0,0.000250214469545325,0.00056431065346928,0.0006461065263004,0,0,0,0,0.000351400479954036,0.00229890177024796,0
"OTU_886",0,0,0,0,0,0,0,0,0,0,0,0,0,0,0.000546842163826812,0,0,0,0,0,0,0,0,0
"OTU_887",0,0,0,0,0,0,0,0,0,0,0,0,0,0,0.00151432698774751,0.00101951129096213,0.00128574968563691,0,0,0,0,0.000181757990211018,0.000342066446217736,0
"OTU_888",0,0,0,0,0,0,0,0,0,0,0,0,0,0,0.000214469545324564,0.000374368109391965,0.00048233333731393,0,0,5.4687841574406e-05,0.000123245658895415,0,0,0
"OTU_889",0,0,0,0,0,0,0,0,0,0,0,0,0,0,0.000875750609228317,0.00146438948104827,0.00182550803569686,0,0,0,0,0,0.000293198633005065,0
"OTU_89",4.90072997437861e-05,0,0,0,0,0,0,0,0,0,0,9.4284511853187e-05,0,0,0,0.000189467102595398,0,0,0,0.000286972720992519,0.000389108181852455,0.000103849602747772,9.79958688161829e-05,0
"OTU_890",0,0,0,0,0,0,0,0,0,0,0,0,0,0,0.000250214469545573,0.000327561474364723,0.000273002758969562,0,0,5.46878417990112e-05,0,0,0,0
"OTU_891",0,0,0,0,0,0,0,0,0,0,0,0,0,0,0.000309902702234522,0.000263832668842337,0,0,0,0,0,0,0,0
"OTU_892",0,0,0,0,0,0,0,0,0,0,0,0,0,0,0.00230165377167813,0.0038926704273607,0.00421636821450932,0,0,0.00310901436624811,0.00422996163842191,0.00473715557064413,0.0565559827433994,0
"OTU_893",0,0,0,0,0,0,0,0,0,0,0,0,0,0,0.0039315984628041,0.00437894071594329,0.00479425090052521,0,0,0,0,0.00083439474623327,0.00118661629631366,0
"OTU_894",0,0,0,0,0,0,0,0,0,0,0,0,0,0,0.000256581175383237,0.000214494982992081,0,0,0,0,0,0,0,0
"OTU_895",0,0,0,0,0,0,0,0,0,0,0,0,0,0,0.000293544995369483,0.000124122241317788,0,0,0,0,0,0,0,0
"OTU_896",0,0,0,0,0,0,0,0,0,0,0,0,0,0,0.000273375333664468,0,9.93532266751269e-05,0,0,0,0,0,0,0
"OTU_897",0,0,0,0,0,0,0,0,0,0,0,0,0,0,0.000375260622904144,0.000297119468135478,0,0,0,0,0,0,3.39043650328872e-05,0
"OTU_898",0,0,0,0,0,0,0,0,0,0,0,0,0,0,0.000250214469545325,0.000169428348751313,9.1000919109283e-05,0,0,0,0,0,0.000351203128532451,0
"OTU_899",0,0,0,0,0,0,0,0,0,0,0,0,0,0,0.000196597083214184,0,0,0,0,0.000131250844061768,0.000159463591458199,0,0,0
"OTU_9",4.12398621102856e-05,6.81061341347609e-05,0.00030813791825306,0.00023998348544035,0,0,0.000972227799426655,0.000623862497066296,9.90242057457916e-05,0,0,0,0.00035207153834816,0.00047190493490068,0,0,0,0,0,0,0,0,0,0.00487804764072899
"OTU_90",0.000440630048719879,0.000414001019687625,0.000372704387500068,0.000110682989986073,0.000220944461742342,0.000352950082701361,0.000141772058892633,0.000357363117974244,0.000208079404535332,0.00048293570486061,0.000294172993858721,0.000493568019298665,0.000229761622592866,0.000907872398251938,0.000471872936601705,0.000609214793307912,0.000393151064209839,0,0.000212711009899818,0.000687074310465264,0.00152631837350047,0.000489078780768361,0.00694817707824823,0
"OTU_900",0,0,0,0,0,0,0,0,0,0,0,0,0,0,0.000534256933521535,0.000629449203302399,0.000543818925369984,0,0,0,0,8.05051801611207e-05,0.000113865853099567,0
"OTU_901",0,0,0,0,0,0,0,0,0,0,0,0,0,0,0.000232342540457241,0,0,0,0,0,0,0,0,0
"OTU_902",0,0,0,0,0,0,0,0,0,0,0,0,0,0,0,0.000602303902546689,0.000485148170127426,0,0,0,0,0,0.000157125370533443,0
"OTU_903",0,0,0,0,0,0,0,0,0,0,0,0,0,0,0,0.000305700968387164,0.000384466924228821,0,0,0,0,0,4.74917270064317e-05,0
"OTU_904",0,0,0,0,0,0,0,0,0,0,0,0,0,0,0,0.000405302595381483,0.000472394071861249,0,0,0,0,0,3.08334843378412e-05,0
"OTU_905",0,0,0,0,0,0,0,0,0,0,0,0,0,0,0,0.000171619587089174,0.000101404661462148,0,0,0,0,0,0,0
"OTU_906",0,0,0,0,0,0,0,0,0,0,0,0,0,0,0,0.00019201814942395,0.000254802573507353,0,0,0,0,0,0,0
"OTU_907",0,0,0,0,0,0,0,0,0,0,0,0,0,0,0,0.000142619105338099,0.000157886479147622,0,0,0,0,0,0,0
"OTU_908",0,0,0,0,0,0,0,0,0,0,0,0,0,0,0,0.000328038185172436,0.00025679541488381,0,0,0,0,0,0,0
"OTU_909",0,0,0,0,0,0,0,0,0,0,0,0,0,0,0,0.000163442358243094,0.000325990170481938,0,0,0,0,0,0,0
"OTU_91",6.31479505685134e-05,0,2.96094814341666e-05,0,0,0,0,5.32210846065887e-05,0,0,0,0,0,0,0,0,0,0,0,0,0,0,6.35740101032898e-05,0
"OTU_910",0,0,0,0,0,0,0,0,0,0,0,0,0,0,0,0.000365560581773323,0.000375463446177502,0,0,0,0,0,0,0
"OTU_911",0,0,0,0,0,0,0,0,0,0,0,0,0,0,0,0.00015239971885511,0,0,0,0,0,0,0,0
"OTU_912",0,0,0,0,0,0,0,0,0,0,0,0,0,0,0,0.00013554267900105,0.000127401286752996,0,0,0,0,0,0.000222976024294136,0
"OTU_913",0,0,0,0,0,0,0,0,0,0,0,0,0,0,0,0.000203305563235412,0,0,0,0,0,5.13415953808362e-05,0,0
"OTU_914",0,0,0,0,0,0,0,0,0,0,0,0,0,0,0,0.000119799589880658,0,0,0,0,0,0,0,0
"OTU_915",0,0,0,0,0,0,0,0,0,0,0,0,0,0,0,0.00013554263226798,0,0,0,0,0,0,0,0
"OTU_916",0,0,0,0,0,0,0,0,0,0,0,0,0,0,0,0.000203314018501576,0.000118301194842068,0,0,0,0,0,9.85326643682772e-05,0
"OTU_917",0,0,0,0,0,0,0,0,0,0,0,0,0,0,0,0.000338857660781916,0.000536905422736424,0,0,0.000116667405962664,0.000152243320046786,0.000335695046720798,0.00200934469621284,0
"OTU_918",0,0,0,0,0,0,0,0,0,0,0,0,0,0,0,0.000120475469498142,0,0,0,0,0,0,0,0
"OTU_919",0,0,0,0,0,0,0,0,0,0,0,0,0,0,0,0.00025980556425786,0,0,0,0,0,0,0,0
"OTU_92",0.0140172006769181,0.0124420164239937,0.0040941250536132,0.0022967124540873,0.0293776011154482,0.0238175878995031,0.00510719383152571,0.00383212922997328,0.00945433866389725,0.00607006234580968,0.00833009685785429,0.0217692906606861,0.00923277927610182,0.00709858782961152,0.000789509638961324,0.00164392789992835,0.00170374719656632,0.0128127657799497,5.60178331632561e-05,4.01157654649774e-05,0.000616136644091503,0.000142824395018824,0.000435928118452174,0.0146341463663949
"OTU_920",0,0,0,0,0,0,0,0,0,0,0,0,0,0,0,0.000124352256414506,0,0,0,0,0,0,0,0
"OTU_921",0,0,0,0,0,0,0,0,0,0,0,0,0,0,0,0.000596609719663058,0.000192427572886307,0,0,0,0,0,0,0
"OTU_922",0,0,0,0,0,0,0,0,0,0,0,0,0,0,0,0.000124247455750963,0.000100102426461962,0,0,0,0,0,3.10155713363098e-05,0
"OTU_923",0,0,0,0,0,0,0,0,0,0,0,0,0,0,0,0.000119072426836347,0,0,0,0,0,0,0,0
"OTU_924",0,0,0,0,0,0,0,0,0,0,0,0,0,0,0,0.000169490269917252,0,0,0,0,0,0,4.01527473241751e-05,0
"OTU_925",0,0,0,0,0,0,0,0,0,0,0,0,0,0,0,0.000164891443191122,0,0,0,0,0,0,8.49372614714265e-05,0
"OTU_926",0,0,0,0,0,0,0,0,0,0,0,0,0,0,0,0.000259790134751251,0.00010920110293114,0,0,0,0,0,0,0
"OTU_927",0,0,0,0,0,0,0,0,0,0,0,0,0,0,0,0.000121869127159665,0,0,0,0,0,0,0,0
"OTU_928",0,0,0,0,0,0,0,0,0,0,0,0,0,0,0,0.0002492881849623,0.000318751659215027,0,0,0,0,0,0.000251923373889079,0
"OTU_929",0,0,0,0,0,0,0,0,0,0,0,0,0,0,0,0.000180723572001401,0.000218402201866228,0,0,0.00707559663885325,0.0203085306837308,0.032893321863568,0.000958568815981112,0
"OTU_93",0.00205426494776325,0.00109838598779549,0.00204077230071838,0.00925557142738832,0.000179792445005974,0.000961869817477571,0,0.000128497594701916,6.62524312276102e-05,0.00123084056699365,0.00031033088624289,0.000360834063507117,0.000497034160713098,0.00453353548596089,0.000232342007431923,0.000711891607460006,0.000502867862943361,0,0,0.000193229289026881,0.000792245694407782,5.92005005223382e-05,0,0.0048780487804878
"OTU_930",0,0,0,0,0,0,0,0,0,0,0,0,0,0,0,0.000124399186325989,0,0,0,7.65629785186157e-05,0.000159979353306356,5.52909484235791e-05,7.3973160071754e-05,0
"OTU_931",0,0,0,0,0,0,0,0,0,0,0,0,0,0,0,0.000194765998046411,0.000181071523305964,0,0,0,0,0,0.00013592971823528,0
"OTU_932",0,0,0,0,0,0,0,0,0,0,0,0,0,0,0,0.00012424745580192,0.000218390006727217,0,0,0.0063017801642843,0.0141412776689899,0.000112347126737142,0,0
"OTU_933",0,0,0,0,0,0,0,0,0,0,0,0,0,0,0,0.000248494911501926,0,0,0,0,0.000144993734593044,4.34428884350614e-05,0,0
"OTU_934",0,0,0,0,0,0,0,0,0,0,0,0,0,0,0,0.000146837902251138,0.000118301194842068,0,0,0,0,0,0,0
"OTU_935",0,0,0,0,0,0,0,0,0,0,0,0,0,0,0,0.000180723572001401,0,0,0,0,0,0,0,0
"OTU_936",0,0,0,0,0,0,0,0,0,0,0,0,0,0,0,0,0.000182001951221151,0,0,0,0,0,0,0
"OTU_937",0,0,0,0,0,0,0,0,0,0,0,0,0,0,0,0,0.000102039111615785,0,0,0,0,0,0,0
"OTU_938",0,0,0,0,0,0,0,0,0,0,0,0,0,0,0,0,0.000101419409360187,0,0,0,0,0,9.70872142302106e-05,0
"OTU_939",0,0,0,0,0,0,0,0,0,0,0,0,0,0,0,0,0.000100946826636063,0,0,0,0,0.000114704922004846,0.000445814289721008,0
"OTU_94",0.000985207247478054,0.00081877956226993,0.00122680625044816,0.000209736748073175,0.00106602316225705,0.000980002282247122,0,7.63314544927654e-05,0.00050027704434544,0.000717127009896959,0.000764586276522198,0.00032746775672069,0.00452891288679394,0.00235356590831557,0.00178824505845893,0.00298071634495681,0.00128381945521916,0,0,6.92712662825382e-05,0.000166742788374403,6.31896558533368e-05,0.000194179542737089,0
"OTU_940",0,0,0,0,0,0,0,0,0,0,0,0,0,0,0,0,0.000110575410742146,0,0,0,0,0,0,0
"OTU_941",0,0,0,0,0,0,0,0,0,0,0,0,0,0,0,0,9.1000919109283e-05,0,0,0,0,0,0,0
"OTU_942",0,0,0,0,0,0,0,0,0,0,0,0,0,0,0,0,0.000118301194842068,0,0,0,0,0,0,0
"OTU_943",0,0,0,0,0,0,0,0,0,0,0,0,0,0,0,0,0.000102119785593752,0,0,0,0,0,5.13071670551137e-05,0
"OTU_944",0,0,0,0,0,0,0,0,0,0,0,0,0,0,0,0,0.000172901746307638,0,0,0,0,0,0,0
"OTU_945",0,0,0,0,0,0,0,0,0,0,0,0,0,0,0,0,0.000118253790855874,0,0,0,0,0,5.23976550508257e-05,0
"OTU_946",0,0,0,0,0,0,0,0,0,0,0,0,0,0,0,0,0.00012740789199865,0,0,0,0.000130494356119103,0,4.31510100418565e-05,0
"OTU_947",0,0,0,0,0,0,0,0,0,0,0,0,0,0,0,0,9.1000919109283e-05,0,0,0,0,0,0,0
"OTU_948",0,0,0,0,0,0,0,0,0,0,0,0,0,0,0,0,0,0,0.0012071232820521,0,0,0,0,0
"OTU_949",0,0,0,0,0,0,0,0,0,0,0,0,0,0,0,0,0,0,0.00119441371207235,0,0,0,0,0
"OTU_95",0.000326962578740362,0.000329097630604721,0.000241422139271984,0.000263063519572561,0.00038864300920038,0.000292850270910927,0,5.64059644458371e-05,7.75867571572794e-05,0,0,0.000159171733892269,0.000357852586795771,0.000413349811901881,0,0.000287372446814575,0.000541069837926907,0,0,0,0,0,0.000238346932497702,0
"OTU_950",0,0,0,0,0,0,0,0,0,0,0,0,0,0,0,0,0,0,4.63268352473009e-05,0,0,0,0,0
"OTU_951",0,0,0,0,0,0,0,0,0,0,0,0,0,0,0,0,0,0,8.21244269741808e-05,0,0,0,0,0
"OTU_952",0,0,0,0,0,0,0,0,0,0,0,0,0,0,0,0,0,0,0.000147482163613141,0,0,0,0,0
"OTU_953",0,0,0,0,0,0,0,0,0,0,0,0,0,0,0,0,0,0,6.4742028967769e-05,0,0,0,0,0
"OTU_954",0,0,0,0,0,0,0,0,0,0,0,0,0,0,0,0,0,0,0.00187416894977966,0,0,0,0,0
"OTU_955",0,0,0,0,0,0,0,0,0,0,0,0,0,0,0,0,0,0,0.000339460716490528,0,0,0,0,0
"OTU_956",0,0,0,0,0,0,0,0,0,0,0,0,0,0,0,0,0,0,5.56025406087471e-05,0,0,0,0,0
"OTU_957",0,0,0,0,0,0,0,0,0,0,0,0,0,0,0,0,0,0,6.01184673745564e-05,0,0,0,0,0
"OTU_958",0,0,0,0,0,0,0,0,0,0,0,0,0,0,0,0,0,0,0.00014272587084825,0,0,0,0,0
"OTU_959",0,0,0,0,0,0,0,0,0,0,0,0,0,0,0,0,0,0,0.000180915515241072,0,0,0,0,0
"OTU_96",0.000229095519713424,0.000111564800063934,0.000160973985076952,3.27538467621782e-05,0.000310758198127106,0.000154757404166718,0,0,5.39366333078043e-05,0.000191289106565531,0,9.87715330324582e-05,0.000119138898451525,0.000419852078656581,0,0.000560582107155663,0.000656264276911165,0,0,0,0,0,0.000234921291078067,0
"OTU_960",0,0,0,0,0,0,0,0,0,0,0,0,0,0,0,0,0,0,0,0.000568851357035612,0.00190116211833386,0.000812744431907299,0.000132521981422803,0
"OTU_961",0,0,0,0,0,0,0,0,0,0,0,0,0,0,0,0,0,0,0,6.39855219502495e-05,0,0,0,0
"OTU_962",0,0,0,0,0,0,0,0,0,0,0,0,0,0,0,0,0,0,0,0.00514872795080415,0.0076404038082588,0.00188511373399537,0.000246944183032732,0
"OTU_963",0,0,0,0,0,0,0,0,0,0,0,0,0,0,0,0,0,0,0,0.000497375451934868,0.000647328724608398,0,0.000104917799225656,0
"OTU_964",0,0,0,0,0,0,0,0,0,0,0,0,0,0,0,0,0,0,0,3.68479211763808e-05,0.000305269800657767,0,0,0
"OTU_965",0,0,0,0,0,0,0,0,0,0,0,0,0,0,0,0,0,0,0,0.00167334322934826,0.00460003463034361,0.0163498508182875,0.00331958591523362,0
"OTU_966",0,0,0,0,0,0,0,0,0,0,0,0,0,0,0,0,0,0,0,0.00149641826754508,0.00181662439930189,0.000893100707672106,5.92582958110864e-05,0
"OTU_967",0,0,0,0,0,0,0,0,0,0,0,0,0,0,0,0,0,0,0,0.000178517017883567,0.000918388632844261,0.000341963526199617,0,0
"OTU_968",0,0,0,0,0,0,0,0,0,0,0,0,0,0,0,0,0,0,0,0.00341603761195044,0,0.000106790836350919,0,0
"OTU_969",0,0,0,0,0,0,0,0,0,0,0,0,0,0,0,0,0,0,0,5.76363139632821e-05,0,0,0,0
"OTU_97",4.43696141719423e-05,0,3.71839442881822e-05,0,0,0,0,0,0,0,0,0,0,0,0,0,0,0,0,0,0,0,9.30201542667097e-05,0
"OTU_970",0,0,0,0,0,0,0,0,0,0,0,0,0,0,0,0,0,0,0,4.49304936423557e-05,0,0,0,0
"OTU_971",0,0,0,0,0,0,0,0,0,0,0,0,0,0,0,0,0,0,0,0.000126187155713832,0.00020088537823767,0,0,0
"OTU_972",0,0,0,0,0,0,0,0,0,0,0,0,0,0,0,0,0,0,0,0.000101060598526899,0.000236510756798406,0,0,0
"OTU_973",0,0,0,0,0,0,0,0,0,0,0,0,0,0,0,0,0,0,0,0.012278917506288,0.0179465225651744,0,0,0
"OTU_974",0,0,0,0,0,0,0,0,0,0,0,0,0,0,0,0,0,0,0,0.000349532646612473,0.000354508234296259,0,0,0
"OTU_975",0,0,0,0,0,0,0,0,0,0,0,0,0,0,0,0,0,0,0,5.83257583456282e-05,0,0,0,0
"OTU_976",0,0,0,0,0,0,0,0,0,0,0,0,0,0,0,0,0,0,0,0.000119941980595773,0.00195317103003764,0,0,0
"OTU_977",0,0,0,0,0,0,0,0,0,0,0,0,0,0,0,0,0,0,0,0.000117481842660189,0.000152450092378573,0,0,0
"OTU_978",0,0,0,0,0,0,0,0,0,0,0,0,0,0,0,0,0,0,0,4.73961295591431e-05,0,0.000102683190760197,4.9315440047836e-05,0
"OTU_979",0,0,0,0,0,0,0,0,0,0,0,0,0,0,0,0,0,0,0,3.71912666038534e-05,0,0,0,0
"OTU_98",0.000971362100253508,0.000531054979040339,0.000770184904301679,0.000464485175186451,0.00100135539381248,0.000663644645619072,6.72435335911058e-05,7.75230468002474e-05,0.000138163355424671,0.000245710165105575,0.000645408647045293,0.000422174692250752,0.00128494428354608,0.000786320102229469,0.000464684014869898,0.000811081817394967,0.00110588133851168,0,0,0,0,0,0.000788380327596053,0
"OTU_980",0,0,0,0,0,0,0,0,0,0,0,0,0,0,0,0,0,0,0,6.01299812068659e-05,8.25576496133911e-05,0,0,0
"OTU_981",0,0,0,0,0,0,0,0,0,0,0,0,0,0,0,0,0,0,0,0.000673324133416739,0.00063521461446775,0,0,0
"OTU_982",0,0,0,0,0,0,0,0,0,0,0,0,0,0,0,0,0,0,0,0.000498509073920172,0.000192193583653857,0.00725039451469176,0.00149924211499656,0
"OTU_983",0,0,0,0,0,0,0,0,0,0,0,0,0,0,0,0,0,0,0,4.3750273439209e-05,0,0,0.000100940737431724,0
"OTU_984",0,0,0,0,0,0,0,0,0,0,0,0,0,0,0,0,0,0,0,5.46878417990112e-05,0,0,4.62352528605111e-05,0
"OTU_985",0,0,0,0,0,0,0,0,0,0,0,0,0,0,0,0,0,0,0,0.000102083971410966,0,0,0,0
"OTU_986",0,0,0,0,0,0,0,0,0,0,0,0,0,0,0,0,0,0,0,8.22509837937163e-05,0.000188491883733176,0,0.000187702291166153,0
"OTU_987",0,0,0,0,0,0,0,0,0,0,0,0,0,0,0,0,0,0,0,0.000417451994389341,0.00228063820688908,0,0,0
"OTU_988",0,0,0,0,0,0,0,0,0,0,0,0,0,0,0,0,0,0,0,6.64475859982103e-05,0.000211045446390275,0,0,0
"OTU_989",0,0,0,0,0,0,0,0,0,0,0,0,0,0,0,0,0,0,0,0.000206488891574997,0.000668709410173542,6.68710239866435e-05,0,0
"OTU_99",0.000549089823194732,0.000319011826325749,0.000458774887250373,6.87879574300669e-05,0.000278762550154977,0.000727559723564681,0.00010627276674916,0.000299644285671559,0.00032500578819621,0.000752144682400195,0.000840972253573889,0.000409179429944434,8.76972454913855e-05,0.000247959059686031,0.00149967450448196,0.00364641511831522,0.00293449558767217,0,0,0,7.8989459295956e-05,0.000419612154350691,0.00266991728057928,0
"OTU_990",0,0,0,0,0,0,0,0,0,0,0,0,0,0,0,0,0,0,0,4.86202050046417e-05,7.86290744086901e-05,0,0.000126402958340888,0
"OTU_991",0,0,0,0,0,0,0,0,0,0,0,0,0,0,0,0,0,0,0,0.000128499087178647,0.000115349132629406,0,0,0
"OTU_992",0,0,0,0,0,0,0,0,0,0,0,0,0,0,0,0,0,0,0,9.47968332800178e-05,0,0,0,0
"OTU_993",0,0,0,0,0,0,0,0,0,0,0,0,0,0,0,0,0,0,0,5.4687841799011e-05,0,0,0.000289303766332372,0
"OTU_994",0,0,0,0,0,0,0,0,0,0,0,0,0,0,0,0,0,0,0,0.000313543626314413,0.000811964797030985,0.00103742151479711,7.39731600717696e-05,0
"OTU_995",0,0,0,0,0,0,0,0,0,0,0,0,0,0,0,0,0,0,0,5.10419856790772e-05,0.000123244669668037,0,0,0
"OTU_996",0,0,0,0,0,0,0,0,0,0,0,0,0,0,0,0,0,0,0,4.18124085436963e-05,0,0,0.000338237281759514,0
"OTU_997",0,0,0,0,0,0,0,0,0,0,0,0,0,0,0,0,0,0,0,0.000206135889327029,0,0,0,0
"OTU_998",0,0,0,0,0,0,0,0,0,0,0,0,0,0,0,0,0,0,0,9.69458173115188e-05,0.000130472604300266,0,0,0
"OTU_999",0,0,0,0,0,0,0,0,0,0,0,0,0,0,0,0,0,0,0,0.000249733456908249,0.000374615446315817,0,0,0
